,ids,event_pred,location_pred,event_date_pred,submission_date_pred,notification_date_pred
0,id411.eml,IJFRCSCE Journal UGC Approved  July 2019 Issue,No Location Found!,,,
1,id191.eml,"Call For Papers - Deadline: March 15 (FECS'14: July 21-24, 2014, Las Vegas, USA) - Int'l Conf. on Frontiers in Education","Las Vegas, USA","July 21, 2014","March 15, 2014","April 15, 2014"
2,id164.eml,"CFP: The 2015 Int'l Conference on Wireless Networks (ICWN'15: July 27-30, 2015, Las Vegas, USA); Extended Submission Deadline: April 15","Las Vegas, USA","July 27, 2015","April 15, 2015","April 15, 2015"
3,id342.eml,Call for papers/articles,No Location Found!,,,
4,id583.eml,"[GAMESNETWORK] Call for Papers: Media Industries 2020: Global Currents and Contradictions, 16-18 April 2020, King’s College London",China,,,
5,id199.eml,"Call For Papers - Deadline: March 15 - Int'l Conf. on Software Engineering Research & Practice (SERP'14: July 21-24, 2014, Las Vegas, USA)","Las Vegas, USA","July 21, 2014","March 15, 2014","March 15, 2014"
6,id259.eml,"Call For Papers: The 2013 Int'l Conf. Security and Management (SAM'13: July 22-25, 2013, Las Vegas, USA) - Extended Paper submission deadline: April 20, 2013","Las Vegas, USA","July 22, 2013","April 20, 2013","April 20, 2013"
7,id176.eml,"Call For Papers - Chicago, USA (Reg-only200USD) - IConSES/IConEST Conferences",,,,
8,id271.eml,"Call For Papers: The 2013 Int'l Conference on e-Learning, e-Business, EIS, & e-Government (EEE'13: July 22-25, 2013, USA) - Paper Submission Deadline: March 18, 2013","Las Vegas, USA","July 22, 2013","March 18, 2013","March 18, 2013"
9,id249.eml,"Call For Papers: Scopus, SCI Compendex, Engineering Village, ... The 2013 International Conference on Internet Computing and BIG DATA (ICOMP'13: July 22-25, 2013, Las Vegas, USA) - Extended Paper submission deadline: April 20, 2013","Las Vegas, USA","July 22, 2013","April 20, 2013","April 20, 2013"
10,id595.eml,[GAMESNETWORK] ICIDS2019 Updates: Program Schedule Available and Early Registration Extended!,"Salt Lake City, USA",,,
11,id132.eml,"CFP: International Conference on Artificial Intelligence (ICAI'15: July 27-30, 2015, Las Vegas, USA); Submission Deadline: March 31","Las Vegas, USA","July 27, 2015","March 31, 2015","March 31, 2015"
12,id326.eml,Call for Papers:: Czech Republic- Ostrava,"Ostrava, Czech Republic","June 14, 2014","May 04, 2014","June 04, 2014"
13,id315.eml,Call for Papers,,"September 10, 2015","July 29, 2001","September 08, 2015"
14,id178.eml,"Call For Papers - Deadline: April 19 (CSC'14: July 21-24, 2014, Las Vegas, USA) - Int'l Conf. on Scientific Computing","Las Vegas, USA","July 21, 2014","April 19, 2014","April 19, 2014"
15,id567.eml,"[GAMESNETWORK] 2nd Call for Papers: Art Exhibit, Doctoral Consortium, and Workshops",,"November 15, 2019","September 15, 2019","September 29, 2019"
16,id197.eml,"Call For Papers - Deadline: March 15 - Int'l Conf. on Scientific Computing (CSC'14: July 21-24, 2014, Las Vegas, USA)","Las Vegas, USA","July 21, 2014","March 15, 2014","March 15, 2014"
17,id413.eml,"Int'l Conf. AMSMS2019 paper(s) indexed by EI, Scopus, ISTP, CNKI",No Location Found!,,,
18,id593.eml,[GAMESNETWORK] ICIDS 2019 Deadline Extended: Main Conference Papers (now due July 19th!),,,,
19,id535.eml,Scopus Index - Engineering Journal (Status-active 2019),No Location Found!,,,
20,id378.eml,"Final Call for Papers - Computing Conference 2020 - London, UK",London,,,
21,id163.eml,"CFP: The 2015 Int'l Conference on Software Engineering Research & Practice (SERP'15: July 27-30, 2015, Las Vegas, USA); Extended Submission Deadline: April 15","Las Vegas, USA","July 27, 2015","April 15, 2015","April 15, 2015"
22,id188.eml,"Call For Papers - Deadline: April 19 - World Congress in CS, CE, and Applied Computing (July 21-24, 2014, Las Vegas, USA)",,"July 21, 2014","April 19, 2014","April 19, 2014"
23,id037.eml,"CFP FOR IEEE CCWC 2020, University of Nevada, Las Vegas, USA ,IEEE XPLORE PUBLICATION",,,,
24,id270.eml,"Call For Papers: The 2013 Int'l Conference on Wireless Networks (ICWN'13: July 22-25, Las Vegas, USA); Paper Submission Deadline: March 18, 2013","Moscow, Russia","July 22, 2013","March 18, 2013","March 18, 2013"
25,id452.eml,Last CFP - WCEBW2012 = London + IEEE + E-commerce and Business on the Web,"London, UK","August 27, 2012","July 10, 2012","July 25, 2012"
26,id176.eml,"Call For Papers - Chicago, USA (Reg-only200USD) - IConSES/IConEST Conferences",,,,
27,id135.eml,"CFP: SDIWC Conferences:: ICIA, ICEEE, DIPECC, ICIEIS, EEECEGC and WCIT",,"November 12, 2013","September 23, 2013","October 23, 2013"
28,id297.eml,"Call For Papers/Posters: International Conference Bioinformatics & Computational Biology (Scopus, SCI Compendex, Engineering Village indexings) - BIOCOMP'13: July 22-25, 2013, Las Vegas, USA - Submission deadline: June 2, 2013","Las Vegas, USA","July 22, 2013","June 02, 2013","June 02, 2013"
29,id629.eml,[MI-CONFERENCE-L] 2019 Mentoring Conference: Plenary Speakers and Workshop Leaders,,,,
30,id264.eml,"Call For Papers: The 2013 Int'l Conference on Modeling, Simulation and Visualization Methods (MSV'13: July 22-25, 2013, Las Vegas, USA) - Paper submission deadline: March 18, 2013","Las Vegas, USA","July 22, 2013","March 18, 2013","March 18, 2013"
31,id465.eml,Last CFP:: GTMC- USA,,"July 15, 2015","June 25, 2015","July 05, 2015"
32,id368.eml,Extended CFP - ICIA2012 - Malaysia,Malaysia,"June 03, 2012","May 10, 2012","June 03, 2012"
33,id111.eml,"CFP: Int'l Conf on Modeling, Simulation and Visualization Methods (MSV'15: July 27-30, 2015, Las Vegas, USA); Submission Deadline: March 31","Las Vegas, USA","July 27, 2015","March 31, 2015","March 31, 2015"
34,id243.eml,"Call For Papers: International Conference on Parallel and Distributed Processing Techniques and Applications (PDPTA'15: July 27-30, 2015, Las Vegas, USA)","Las Vegas, USA","July 27, 2015","March 31, 2015","March 31, 2015"
35,id287.eml,"Call For Papers: The 2015 World Congress in CS, CE, and Applied Computing (July 27-30, 2015, Las Vegas, USA); Submission Deadline: March 31",,"July 27, 2015","March 31, 2015","March 31, 2015"
36,id086.eml,"CFP: IEEE CPS: Conf on Cyber Warfare, Cyber Defense, & Cyber Security (CSCI-ISCW'19: Dec. 5-7, 2019, USA); Deadline: Nov 5","Las Vegas, USA","December 05, 2019","November 05, 2019","December 05, 2019"
37,id544.eml,TMIS Special Issue on Analytics for Cybersecurity and Privacy - Deadline Extended,,"April 30, 2020","November 15, 2019","February 15, 2020"
38,id110.eml,"CFP: Int'l Conf on Internet Computing and Big Data (ICOMP'15: July 27-30, 2015, Las Vegas, USA); Submission Deadline: March 31","Las Vegas, USA","July 27, 2015","March 31, 2015","March 31, 2015"
39,id450.eml,"Last CFP - Poland , Sept. 22-24, 2014",,,,
40,id155.eml,"CFP: Submission Deadline: May 31 - The 2015 Int'l Conf on Modeling, Simulation & Visualization Methods (MSV'15: July 27-30, 2015, USA)","Las Vegas, USA","July 27, 2015","May 31, 2015","May 31, 2015"
41,id367.eml,Extend CFP: ICIA2012 - Malaysia,Malaysia,"June 03, 2012","May 12, 2012","June 03, 2012"
42,id141.eml,"CFP: Submission Deadline: March 31, Int'l Conf on Software Engineering Research and Practice (SERP'15: July 27-30, 2015, Las Vegas, USA)","Las Vegas, USA","July 27, 2015","March 31, 2015","March 31, 2015"
43,id161.eml,"CFP: The 2015 Int'l Conference on Artificial Intelligence (ICAI'15: July 27-30, 2015, Las Vegas, USA); Extended Submission Deadline: April 15","Las Vegas, USA","July 27, 2015","April 15, 2015","April 15, 2015"
44,id345.eml,Conference on Artificial Intelligence (ICAI 2012) - reviews about your paper - re-sending,,,,
45,id173.eml,Call For Papers,"Bangkok, Thailand","May 09, 2013","March 04, 2013","May 07, 2013"
46,id117.eml,"CFP: Int'l Conf on Security and Management (SAM'15: July 27-30, 2015, Las Vegas, USA); Submission Deadline: March 31","Las Vegas, USA","July 27, 2015","March 31, 2015","April 24, 2015"
47,id065.eml,"CFP: Conf. on Parallel and Distributed Processing Techniques and Applications (PDPTA'15: July 27-30, 2015, USA): submission deadline: March 31","Las Vegas, USA","July 27, 2015","January 30, 2015","March 31, 2015"
48,id078.eml,"CFP: IEEE CPS: Conf on AI, Data Science, Social Networks, Smart Cities (Dec. 5-7, 2019, USA); Deadline: October 21","Las Vegas, USA","December 05, 2019","October 21, 2019","December 05, 2019"
49,id443.eml,"Last CFP - Greece - Dec. 12-14, 2014",Greece,"December 12, 2014","November 20, 2014","December 12, 2014"
50,id285.eml,"Call For Papers: The 2013 World Congress in Computer Science, Computer Engineering, and Computing, July 22-25, 2013, USA (Paper Submission Deadline: March 18, 2013)","Las Vegas, USA","July 22-25, 2013","March 18, 2013)","March 18, 2013"
51,id182.eml,"Call For Papers - Deadline: April 19 (ICWN'14: July 21-24, 2014, Las Vegas, USA) - Int'l Conf. on Wireless Networks",,"July 21, 2014","April 19, 2014","April 19, 2014"
52,id022.eml,Assoc. Prof. Foaad Khosmood CTCCC 2020 TC Invitation,No Location Found!,,,
53,id495.eml,Publish with the Power of Open Access,No Location Found!,,,
54,id606.eml,[GAMESNETWORK] [JVWR] Quick Turnaround CfP Assembled 2019,,"October 01, 2019","June 24, 2019","September 07, 2019"
55,id238.eml,"Call For Papers: Int'l Conf. on Artificial Intelligence (ICAI'15: July 27-30, 2015, USA); Submission Deadline: March 31, 2015",,"July 27, 2015","March 31, 2015","March 31, 2015"
56,id355.eml,Deadline Extension - 3rd ICDIPC2013 - Dubai - Jan 2013,"Dubai, UAE","February 01, 2013","December 15, 2012","January 01, 2013"
57,id472.eml,Last CFP:::: Thailand- IEEE:::: EBW2013,"Bangkok, Thailand","May 07, 2013","March 30, 2013","April 20, 2013"
58,id177.eml,"Call For Papers - Deadline: April 19 (CSC'14: July 21-24, 2014, Las Vegas, USA) - Int'l Conf. on Scientific Computing","Las Vegas, USA","July 21, 2014","April 19, 2014","April 19, 2014"
59,id235.eml,"Call For Papers: Int'l Conf on Bioinformatics and Computational Biology (BIOCOMP'15: July 27-30, 2015, Las Vegas, USA); Submission Deadline: March 31","Las Vegas, USA","July 27, 2015","March 31, 2015","March 31, 2015"
60,id408.eml,"IHSI 2018 International Conference [JW Marriott Marquis Dubai, January 7-9, 2018]","Dubai, UAE",,,
61,id514.eml,Re: [GAMESNETWORK] CFP: The Aesthetics of Computer Games,Russia,"Jun 7, 2019","Friday, June 7, 2019","October 21E2809324, 2019"
62,id447.eml,"Last CFP - Malaysia, Oct. 8-10, 2014",Malaysia,,,
63,id027.eml,CFP - 3 rd ICDIPC2013 - Dubai - Jan 2013,"Dubai, UAE","December 15, 2013","January 01, 2013","February 01, 2013"
64,id009.eml,2020 Computer Conference Athens Greece,,,,
65,id339.eml,Call for papers :: ICCSP20,India,,,
66,id093.eml,"CFP: IEEE CPS: International Conference - Internet of Things and Smart Cities and Smart Mobility (Dec. 5-7, 2019, USA); Deadline: October 21","Las Vegas, USA","December 05, 2019","October 21, 2019","December 05, 2019"
67,id394.eml,IEEE BigData 2019 Call for Participations,No Location Found!,,,
68,id573.eml,[GAMESNETWORK] CFP: Games + Communication Ante-Conference (prior to ICA 2019),Washington,"May 24, 2019","January 31, 2019","May 24, 2019"
69,id219.eml,"Call For Papers: Deadline: June 4 - Int'l Conf. on Parallel & Distributed Processing Techniques & Applications (July 21-24, 2014, USA)","Las Vegas, USA","July 21, 2014","June 04, 2014","June 14, 2014"
70,id232.eml,"Call For Papers: Elsevier Book ""Computational Biology, Bioinformatics, & Systems Biology"" + Big Data; Submission Deadline: November 1, 2014",,"November 1, 2014","no later than November 1, 2014","November 21, 2014"
71,id557.eml,"Welcome to FCTE2014, Shenzhen，China! Related to Communication Technology topics,Recommendation to SCI and EI journals","Shenzhen, China",,,
72,id048.eml,CFP : DICTAP2013 - Czech Republic - July 2013,"Ostrava, Czech Republic","July 08, 2013","May 10, 2013","June 15, 2013"
73,id589.eml,"[GAMESNETWORK] Fwd: 7th Games and Literary Theory Conference, Kolkata, 18-20th November","Kolkata, India",,,
74,id263.eml,"Call For Papers: The 2013 Int'l Conference on Grid & Cloud Computing and Applications (GCA'13: July 22-25, 2013, Las Vegas, USA) - Paper submission deadline: March 18, 2013","Las Vegas, USA","July 22, 2013","March 18, 2013","March 18, 2013"
75,id344.eml,Conference on Artificial Intelligence (ICAI 2012) - decision on your paper (ICA3949) ,,"July 16, 2012","April 25, 2012","May 16, 2012"
76,id158.eml,"CFP: The 2015 Int'l Conf on Grid & Cloud Computing (GCA'15: July 27-30, 2015, USA) - Submission Deadline: May 31","Las Vegas, USA","July 27, 2015","May 31, 2015","May 31, 2015"
77,id600.eml,[GAMESNETWORK] SCMS Videogames SIG 2020 CALL FOR CALLS,No Location Found!,,,
78,id244.eml,"Call For Papers: PDPTA 2013 Conference - 5th Automata, Theory and Applications Workshop, July 22-25, 2013, USA - Paper Submission Deadline: March 25, 2013","Las Vegas, USA","July 22, 2013","March 25, 2013","March 25, 2013"
79,id397.eml,IEEE BigData 2019 Call for Workshop Papers and Posters,No Location Found!,,,
80,id316.eml,Call for Papers,"Konya, Turkey","May 9-11, 2013","March 20, 2013","April 20, 2013 or Before"
81,id095.eml,"CFP: Int'l Conf on Advances in Big Data Analytics (ABDA'15: July 27-30, 2015, Las Vegas, USA); Submission Deadline: March 31","Las Vegas, USA","July 27, 2015","March 31, 2015","March 31, 2015"
82,id043.eml,CFP : 4th DICTAP2014- THAILAND,"Bangkok, Thailand","May 06, 2014","April 06, 2014","April 15, 2014"
83,id457.eml,"Last CFP : The International Conference on Computing, Networking and Digital Technologies",Bahrain,"November 11, 2012","October 15, 2012","October 20, 2012"
84,id133.eml,"CFP: International Conference on Health Informatics & Medical Systems (HIMS'15: July 27-30, 2015, USA); Submission Deadline: April 15","Las Vegas, USA","July 27, 2015","April 15, 2015","April 15, 2015"
85,id027.eml,CFP - 3 rd ICDIPC2013 - Dubai - Jan 2013,"Dubai, UAE","December 15, 2013","January 01, 2013","February 01, 2013"
86,id500.eml,"Re: Conference Invitation - Zurich, Switzerland","Zurich, Switzerland",,,
87,id329.eml,Call for Papers:: ICCTIM2014- Dubai- UAE,"Dubai, UAE","April 09, 2014","March 10, 2014","March 20, 2014"
88,id563.eml,[CFP] International Conference on Engineering Technologies,"Konya, Turkey",,,
89,id639.eml,welcome to ICCEA2014 in Chongqing China [call for papers],"Chongqing, China",,,
90,id229.eml,"Call For Papers: Deadline: June 5 - federated World Congress in Computer Science (July 21-24, 2014, Las Vegas, USA)",,"July 21, 2014","June 05, 2014","June 05, 2014"
91,id157.eml,CFP: Sustainable Energy @ Osaka Conference,No Location Found!,,,
92,id308.eml,"Call For Participation: The 2013 World Congress in Computer Science, Computer Engineering, and Applied Computing (July 22-25, 2013, Las Vegas, USA)","Las Vegas, USA","July 22, 2013","June 15, 2013","June 30, 2013"
93,id099.eml,"CFP: Int'l Conf on Embedded Systems and Applications (ESA'15: July 27-30, 2015, Las Vegas, USA); Submission Deadline: March 31","Las Vegas, USA","July 27, 2015","March 31, 2015","March 31, 2015"
94,id231.eml,"Call For Papers: Elsevier (Morgan Kaufmann) Book - Emerging Trends in Information and Communication Technologies Security; paper submission deadline: June 16, 2013",,"July 01, 2013","June 16, 2013","June 16, 2013"
95,id396.eml,IEEE BigData 2019 Call for Workshop Papers and Posters,No Location Found!,,,
96,id582.eml,[GAMESNETWORK] Call for Papers: Animals and the City workshop at ACI2019,No Location Found!,,,
97,id304.eml,"Call For Papers/Posters: The 2013 International Conference on Frontiers in Education: CS and CE - FECS'13: July 22-25, 2013, Las Vegas, USA - Submission deadline: June 2, 2013","Las Vegas, USA","July 22, 2013","June 02, 2013","June 12, 2013"
98,id331.eml,Call for Participation: 2019 Tenth International Green and Sustainable Computing Conference (IGSC),Alexandria,,,
99,id548.eml,The reference to references,No Location Found!,,,
100,id174.eml,Call For Papers,No Location Found!,,,
101,id341.eml,Call for papers/articles,No Location Found!,,,
102,id469.eml,"Last CFP:: IEEE 2nd ICETC2015- Thailand (May 20-22, 2015)",,"May 20, 2015","April 15, 2015","May 10, 2015"
103,id204.eml,Call For Papers,"Konya, Turkey","May 09, 2013","March 04, 2013","May 07, 2013"
104,id129.eml,"CFP: International Conference at Bangkok, Thailand",No Location Found!,,,
105,id359.eml,"Dear Fowler, A; Khosmood, F: A Special Issue Intends to Draw Together Ideas on Health Care",No Location Found!,,,
106,id324.eml,"Call for Papers: 8th Annual International Conference on Computer Games, Multimedia and Allied Technology (CGAT 2015)",,,,
107,id066.eml,"CFP: DICTAP2013, ICEL2013, ICEEE2013, ICIA2013, ICIEIS2013","Kuala Lumpur, Malaysia","November 12, 2013","July 08, 2013","September 23, 2013"
108,id335.eml,Call for Submissions: Ireland International Conference on Education (IICE-2015)!,"Dublin, Ireland","April 20, 2015","January 25, 2015","February 05, 2015"
109,id592.eml,[GAMESNETWORK] G|A|M|E - Call For Papers N.8 - ‘Would you kindly?’: Claiming Video Game Agency as Interdisciplinary Concept - DEADLINE 19 Jul 2019,Murray,,,
110,id420.eml,"Invitation for Manuscript Submission in Volume 9, Issue 7, July 2019.",No Location Found!,,,
111,id053.eml,"CFP : Open for Participation and Submission Now - ICTCS - 2019 ( December 13 - 14, Udaipur, INDIA )","Udaipur, Rajasthan, India",,,
112,id636.eml,"cpSPAM Sun, Sea, Beach and a Conference. Please join us..","Antalya, Turkey",,,
113,id245.eml,"Call For Papers: Paper Submission Deadline: March 18, 2013 - The 2013 International Conference Bioinformatics & Computational Biology (BIOCOMP'13: July 22-25, Las Vegas, USA)","Las Vegas, USA","July 22-25, 2013","March 18, 2013","July 22-25, 2013"
114,id094.eml,"CFP: Int'l Conf on Advances in Big Data Analytics (ABDA'15: July 27-30, 2015, Las Vegas, USA); Deadline: May 31","Las Vegas, USA","July 27, 2015","May 31, 2015","May 31, 2015"
115,id369.eml,"Extended CFP( March 30, 2013):: EBW2013- Thailand-IEEE","Bangkok, Thailand","May 07, 2013","March 30, 2013","April 20, 2013"
116,id059.eml,CFP:: 2nd EBW2014- Kuala Lumpur- Malaysia,"Kuala Lumpur, Malaysia","March 18, 2014","February 18, 2014","March 04, 2014"
117,id466.eml,"Last CFP:: ICCTIM2015:: Apr. 21 - 23, 2015",Malaysia,"April 21, 2015","March 23, 2015","April 10, 2015"
118,id278.eml,"Call For Papers: The 2013 International Conference on Image Processing, Computer Vision, and Pattern Recognition (IPCV'13: July 22-25, 2013, Las Vegas, USA) - Extended Paper submission deadline: April 6, 2013","Las Vegas, USA","July 22, 2013","April 06, 2013","April 06, 2013"
119,id521.eml,Re: [GAMESNETWORK] CFP: The Aesthetics of Computer Games,Russia,,,
120,id504.eml,"Re: International Conference Invitation - Bangkok, Thailand","Bangkok, Thailand",,,
121,id148.eml,"CFP: Submission Deadline: May 31 - Int'l Conf on Frontiers in Education: CS & CE (FECS'15: July 27-30, 2015, USA)","Las Vegas, USA","July 27, 2015","May 31, 2015","May 31, 2015"
122,id617.eml,[HEVGA] Games and God - call for papers,No Location Found!,,,
123,id574.eml,"[GAMESNETWORK] CFP: Ropecon Academic Seminar, July 26, Helsinki, Finland","Helsinki, Finland",,,
124,id579.eml,[GAMESNETWORK] Call for Papers - Audio Mostly 2019 - DEADLINE EXTENDED 14th of June,"Nottingham, UK",,,
125,id415.eml,International Convention-IMME2015 | indexed by EI Compendex and ISTP,No Location Found!,,,
126,id237.eml,"Call For Papers: Int'l Conf on Internet Computing and Big Data (ICOMP'15: July 27-30, 2015, Las Vegas, USA); Submission Deadline: March 31","Las Vegas, USA","July 27, 2015","March 31, 2015","March 31, 2015"
127,id594.eml,[GAMESNETWORK] ICIDS Doctoral Consortium Submission Deadline Extended,,,,
128,id389.eml,"ICSAI2019, Shanghai, Submission Open until 30 October [SCI Special Issue/EI Compendex/SCOPUS/IEEE Xplore]      2019/10/16 3:18:41 9ir","Shanghai, China",,,
129,id570.eml,[GAMESNETWORK] CFP - GHItaly19: 3rd Workshop on Games-Human Interaction,"Padova, Italy",,,
130,id038.eml,"CFP FOR IEEE UEMCON 2019 Columbia University,New York,USA (IEEE XPLORE PUBLICATION and SENSORS Journal publication)",,,,
131,id242.eml,"Call For Papers: International Conference on Health Informatics & Medical Systems (HIMS'15: July 27-30, 2015, Las Vegas, USA); Submission Deadline: March 31","Las Vegas, USA","July 27, 2015","March 31, 2015","March 31, 2015"
132,id127.eml,"CFP: Int'l Conf. on Image Processing, Computer Vision, and Pattern Recognition (IPCV'15: July 27-30, 2015, USA); Submission Deadline: March 31","Las Vegas, USA","July 27, 2015","January 30, 2015","March 31, 2015"
133,id200.eml,"Call For Papers - Deadline: March 15 - Int'l Conf. on Wireless Networks (ICWN'14: July 21-24, 2014, Las Vegas, USA)",,"July 21, 2014","March 15, 2014","March 15, 2014"
134,id462.eml,Last CFP:: DigitalSec2014:: Czech Republic- Ostrava,No Location Found!,"June 14, 2014","May 25, 2014","June 05, 2014"
135,id539.eml,"Submission closes 10 August (FIRM DEADLINE) - FICC 2020, San Francisco",San Francisco,,,
136,id496.eml,"Re: Conference Invitation - Bangkok, Thailand","Bangkok, Thailand",,,
137,id546.eml,The International Conference on E-Technologies and Business on the Web (EBW2013),"Bangkok, Thailand","April 30, 2013","March 20, 2013","April 10, 2013"
138,id239.eml,"Call For Papers: Int'l Conf. on Biomedical Engineering and Science (BIOENG'15: July 27-30, 2015, USA); Submission Deadline: March 31, 2015","Las Vegas, USA","July 27, 2015","January 30, 2015","March 31, 2015"
139,id364.eml,"Dear Pena-Rios, A; Khosmood, F: Formal Invitation from the Editorial Board of American Journal of Software Engineering and Applications",,,,
140,id487.eml,Make Oral Presentation and Participate in the International Academic Conferences in May 2020 : Introducing: The Game Jam License,No Location Found!,,,
141,id186.eml,"Call For Papers - Deadline: April 19 - Int'l Conf. on Image Processing, Vision, & Pattern Recog. (IPCV'14: July 21-24, 2014, Las Vegas, USA)","Las Vegas, USA","July 21, 2014","April 19, 2014","April 19, 2014"
142,id061.eml,"CFP: 3rd DICTAP 2013- Czech Republic - July 8-10, 2013","Ostrava, Czech Republic","July 08, 2013","May 10, 2013","June 15, 2013"
143,id151.eml,"CFP: Submission Deadline: May 31 - Int'l Conf on Software Engineering Research and Practice (SERP'15: July 27-30, 2015, Las Vegas, USA)","Las Vegas, USA","July 27, 2015","May 31, 2015","May 31, 2015"
144,id165.eml,"CFP: The 2015 International Conf on Advances in Big Data Analytics (ABDA'15: July 27-30, 2015, USA); Submission Deadline: April 15","Las Vegas, USA","July 27, 2015","April 15, 2015","April 15, 2015"
145,id550.eml,TiiS Call for Papers: Special issue on Interactive Visual Analytics for Making Explainable and Accountable Decisions,,"May 15, 2020","November 17, 2019","April 20, 2020"
146,id289.eml,"Call For Papers: submission deadline: March 31, Int'l Conf. on Advances in Big Data Analytics (ABDA'15: July 27-30, 2015, USA)","Las Vegas, USA","July 27, 2015","January 30, 2015","March 31, 2015"
147,id030.eml,"CFP - Deadline: June 20 - ABET, Software Engineering, e-Learning, Education Conferences (July 29 - August 1, 2019, Las Vegas)","Las Vegas, USA","July 29 - August 1, 2019","June 20, 2019","June 20, 2019:"
148,id261.eml,"Call For Papers: The 2013 Int'l Conference on Data Mining (DMIN'13: July 22-25, 2013, Las Vegas, USA) - Paper submission deadline: March 18, 2013","Moscow, Russia","July 22, 2013","March 18, 2013","March 18, 2013"
149,id073.eml,CFP: ICEEE2013 and ICIA2013:: Poland- IEEE,"Lodz, Poland",,,
150,id365.eml,"EI Compendex and ISTP //Welcome to TMTA2015 will be held on January 16-17, 2015 // Paper Submission due: October 15",No Location Found!,,,
151,id314.eml,Call for Papers,Lebanon,"Sept. 8 - 10, 2015","29 - July 1, 2015 - Mauritius","Sept. 8 - 10, 2015"
152,id422.eml,Invitation for Paper publishing,No Location Found!,,,
153,id323.eml,Call for Papers |The 6th International Symposium on Engineering and Natural Sciences,"Bangkok, Thailand","November 19, 2019","July 25, 2019","August 15, 2019"
154,id159.eml,"CFP: The 2015 Int'l Conf on Image Processing, Computer Vision, & Pattern Recognition (IPCV'15: July 27-30, 2015, USA); Submission Deadline: April 15","Las Vegas, USA","July 27, 2015","April 15, 2015","April 15, 2015"
155,id630.eml,[MI-CONFERENCE-L] 2019 Mentoring Post-Conference Workshops,,,,
156,id075.eml,CFP:: ICIEIS 2013:: Kuala Lumpur- Malaysia,,"November 12, 2013","October 12, 2013","October 30, 2013"
157,id427.eml,Invitation to Contribute in IJRITCC,No Location Found!,,,
158,id097.eml,"CFP: Int'l Conf on Biomedical Engineering and Science (BIOENG'15: July 27-30, 2015, Las Vegas, USA); Submission Deadline: March 31","Las Vegas, USA","July 27, 2015","March 31, 2015","March 31, 2015"
159,id192.eml,"Call For Papers - Deadline: March 15 (IKE'14: July 21-24, 2014, Las Vegas, USA) - Int'l Conf. on Information & Knowledge Engineering","Las Vegas, USA","July 21, 2014","March 15, 2014","March 15, 2014"
160,id510.eml,Re: [GAMESNETWORK] CFP: The Aesthetics of Computer Games,No Location Found!,,,
161,id552.eml,Top 20 world journal list  ,No Location Found!,,,
162,id381.eml,"GEM'12, ICAI'12, IKE'12 Conferences - can you please chair a session or more? We need help",,"July 17, 2012","June 28, 2012","July 16, 2012"
163,id028.eml,CFP - 3 rd ICDIPC2013 - Dubai - Jan 2013,"Dubai, UAE","December 15, 2013","January 01, 2013","February 01, 2013"
164,id142.eml,"CFP: Submission Deadline: March 31; Int'l Conference on Grid & Cloud Computing & Applications (GCA'15: July 27-30, 2015, Las Vegas, USA)","Las Vegas, USA","July 27, 2015","March 31, 2015","April 24, 2015"
165,id005.eml,2019 IEEE International Symposium on Technology and Society (IEEE ISTAS 2019),No Location Found!,,,
166,id373.eml,FINAL COUNTDOWN! 2020 IRCET-The Fintech Revoultion,No Location Found!,,,
167,id301.eml,"Call For Papers/Posters: The 2013 Int'l Conf. on Modeling, Simulation and Visualization Methods - MSV'13: July 22-25, 2013, Las Vegas, USA - Submission deadline: June 2, 2013","Las Vegas, USA","July 22, 2013","June 02, 2013","June 12, 2013"
168,id591.eml,[GAMESNETWORK] GamiFIN 2020 Call for papers,,,,
169,id221.eml,"Call For Papers: Deadline: June 4 - Int'l Conf. on Wireless Networks (July 21-24, 2014, USA)","Las Vegas, USA","July 21, 2014","June 04, 2014","June 04, 2014"
170,id183.eml,"Call For Papers - Deadline: April 19 (PDPTA'14: July 21-24, 2014, Las Vegas, USA) - Int'l Conf. on Parallel & Distributed Processing","Las Vegas, USA","July 21, 2014","April 19, 2014","April 19, 2014"
171,id079.eml,"CFP: IEEE CPS: Conf on AI, Data Science, Social Networks, Smart Cities, IoT (Dec. 5-7, 2019, USA); Deadline: October 6","Las Vegas, USA","December 05, 2019","October 06, 2019","December 05, 2019"
172,id240.eml,"Call For Papers: Int'l Conf. on Security and Management (SAM'15: July 27-30, 2015, USA); Submission Deadline: March 31","Las Vegas, USA","July 27, 2015","March 31, 2015","April 24, 2015"
173,id444.eml,Last CFP - ICIA2012 - Malaysia,Malaysia,"June 03, 2012","May 02, 2012","June 03, 2012"
174,id275.eml,"Call For Papers: The 2013 International Conference on Frontiers in Education: Computer Science & Computer Engineering (FECS'13: July 22-25, 2013, Las Vegas, USA) - Extended Paper submission deadline: April 20, 2013","Las Vegas, USA","July 22, 2013","April 20, 2013","April 20, 2013"
175,id205.eml,"Call For Papers: 2013 International Conference on Frontiers in Education: Computer Science and Computer Engineering (FECS'13: July 22-25, Las Vegas, USA); Paper Submission Deadline: March 18, 2013","Las Vegas, USA","July 22, 2013","March 18, 2013","March 18, 2013"
176,id572.eml,[GAMESNETWORK] CFP reminder:,No Location Found!,,,
177,id416.eml,International Journal of Advanced Science and Technology (IJAST) SCOPUS Q3 Indexed Journal,No Location Found!,,,
178,id149.eml,"CFP: Submission Deadline: May 31 - Int'l Conf on Image Processing, Computer Vision, & Pattern Recognition (IPCV'15: July 27-30, 2015, Las Vegas, USA)","Las Vegas, USA","July 27, 2015","May 31, 2015","May 31, 2015"
179,id054.eml,"CFP : Open for Participation and Submission Now - ICTCS - 2019 ( December 13 - 14, Udaipur, INDIA )","Udaipur, Rajasthan, India",,,
180,id336.eml,Call for Submissions: World Congress on Education (WCE-2014)!,"London, UK","September 15, 2014","August 20, 2014","August 31, 2014"
181,id538.eml,"Submission Due 10th July : FICC 2020 (San Francisco, United States)","San Francisco, USA",,,
182,id507.eml,"Re: [GAMESNETWORK] CFP: Ropecon Academic Seminar, July 26, Helsinki, Finland","Helsinki, Finland",,,
183,id264.eml,"Call For Papers: The 2013 Int'l Conference on Modeling, Simulation and Visualization Methods (MSV'13: July 22-25, 2013, Las Vegas, USA) - Paper submission deadline: March 18, 2013","Las Vegas, USA","July 22, 2013","March 18, 2013","March 18, 2013"
184,id074.eml,CFP:: ICEND 2013:: 2nd International Conference on e-Technologies and Networks for Development,Malaysia,"March 04, 2013","December 15, 2012","January 01, 2013"
185,id076.eml,CFP: ICIEIS2013 = Malaysia - Nov. 2013,,"Nov. 12-14, 2013","Oct. 12, 2013","Oct. 22, 2013 or"
186,id555.eml,WORLDCOMP10 Paper Modification/Replacement,No Location Found!,,,
187,id207.eml,Call For Papers:: 2nd Congress (WCIT2014):: Malaysia,"Kuala Lumpur, Malaysia","March 18, 2014","February 18, 2014","March 04, 2014"
188,id029.eml,CFP - 3rd ICDIPC2013 - Dubai - Jan 2013,"Dubai, UAE","December 15, 2013","January 01, 2013","February 01, 2013"
189,id432.eml,Kind Reminder:: CFP:: 2nd WCIT2014- Kuala Lumpur- Malaysia,"Kuala Lumpur, Malaysia","March 18, 2014","February 18, 2014","March 04, 2014"
190,id208.eml,"Call For Papers: ABET + Int'l Conf on Frontiers in Education: CS & CE (FECS: July 29 - August 1, 2019; Las Vegas): Deadline: June 20","Las Vegas, USA","July 29 - August 1, 2019","June 20, 2019","June 20, 2019:"
191,id317.eml,Call for Papers,"Konya, Turkey","May 9-11, 2013","March 20, 2013","April 20, 2013 or Before"
192,id372.eml,"Extended Deadline (March 15, 2014):: Lebanon conferences",Lebanon,"May 01, 2014","May 29, 2001","March 15, 2014"
193,id467.eml,Last CFP:: ICIA2013 and ICEEE2013:: IEEE- Poland,Poland,,,
194,id566.eml,[GAMESNETWORK] ***Digital Public Health Conference 2019 - CfP closing soon!***,,,,
195,id145.eml,"CFP: Submission Deadline: March 31; World Congress in Computer Science, Computer Engineering, & Applied Computing (July 27-30, 2015, Las Vegas, USA)","Las Vegas, USA","July 27, 2015","March 31, 2015","March 31, 2015"
196,id131.eml,"CFP: International Conference on Artificial Intelligence (ICAI'15: July 27-30, 2015, Las Vegas, USA); Submission Deadline: March 31","Las Vegas, USA","July 27, 2015","March 31, 2015","March 31, 2015"
197,id115.eml,"CFP: Int'l Conf on Parallel & Distributed Processing Techniques & Applications (PDPTA'15: July 27-30, 2015, USA); Submission Deadline: April 15","Las Vegas, USA","July 27, 2015","April 15, 2015","April 15, 2015"
198,id525.eml,Re: [GAMESNETWORK] CFP: The Aesthetics of Computer Games,"Phoenix, USA",,,
199,id597.eml,[GAMESNETWORK] Reminder: CFP DiGRA 2019 ‘Diversity Workshop: Social Justice Tactics in Today’s LudoMix’,,,,
200,id251.eml,"Call For Papers: Scopus, SCI Compendex, Engineering Village, ... The 2013 International Conference on Wireless Networks (ICWN'13: July 22-25, 2013, Las Vegas, USA) - Extended Paper submission deadline: April 20, 2013","Las Vegas, USA","July 22, 2013","April 20, 2013","April 20, 2013"
201,id295.eml,"Call For Papers/Posters: Int'l Conf. on e-Learning, e-Business, EIS, and e-Government - EEE'13: July 22-25, 2013, Las Vegas, USA - Submission deadline: June 2, 2013","Las Vegas, USA","July 22, 2013","June 02, 2013","June 12, 2013"
202,id023.eml,CALL FOR ABSTRACT/ 2020 Bangkok Conference *Engineering & Natural Sciences* ,"Bangkok, Thailand",,,
203,id463.eml,"Last CFP:: EBW2015- France:: March 26-28, 2015",,"March 26-28, 2015","Feb. 28, 2015","Feb 12, 2015 March 08, 2015"
204,id386.eml,HEALTH Special Issue on Wearable Technologies ? Deadline Extended,,"December 01, 2019","August 15, 2019","October 15, 2019"
205,id312.eml,Call for Paper,,,,
206,id489.eml,"Manuscript Submission Online for VOLUME 6, ISSUE 8 August 2019 (IMPACT FACTOR : 3.799)(INDEXED:THOMSON REUTERS ENDNOTE)",,,,
207,id431.eml,Kind Reminder: 2nd CFP: ICEND2013: e-Technologies and Computing Conference,"Kuala Lumpur, Malaysia","March 04, 2013","December 15, 2012","January 01, 2013"
208,id614.eml,[Gamesnetwork] Game Intelligence and Informatics (GII) Workshop at	PAKDD,No Location Found!,,,
209,id449.eml,"Last CFP - Poland , Sept. 22-24, 2014",,,,
210,id577.eml,[GAMESNETWORK] CFP: Zip-Scene Conference,"Budapest, Hungary",,,
211,id309.eml,"Call For Participation: federated World Congress in Computer Science (July 21-24, 2014, Las Vegas, USA)","Las Vegas, USA","July 21, 2014","July 01, 2014","July 18, 2014"
212,id209.eml,"Call For Papers: AI, IoT, Data Science, Health Informatics Conferences (July 29 - August 1, 2019, Las Vegas)","Las Vegas, USA","July 29 - August 1, 2019","June 20, 2019","June 20, 2019:"
213,id380.eml,Fw: [GAMESNETWORK] CFP: Games + Communication Ante-Conference (prior to ICA 2019),No Location Found!,,,
214,id273.eml,"Call For Papers: The 2013 International Conference on Artificial Intelligence (ICAI'13: July 22-25, 2013, Las Vegas, USA) - Extended Paper submission deadline: April 6, 2013","Las Vegas, USA","July 22, 2013","April 06, 2013","April 06, 2013"
215,id598.eml,"[GAMESNETWORK] Reminder: Clash of Realities Conference in Cologne, Germany on Paratexts",Germany,,,
216,id347.eml,Correction: Call for 2020 IEEE Program Evaluators for Accreditation Activities,No Location Found!,,,
217,id070.eml,CFP:: DIPECC- Dubai - Oct. 2013- UAE,"Dubai, UAE","October 23, 2013","September 01, 2013","September 15, 2013"
218,id456.eml,"Last CFP : Malaysia, Oct. 2014",Malaysia,,,
219,id290.eml,"Call For Papers: submission deadline: March 31, Int'l Conf. on Bioinformatics and Computational Biology (BIOCOMP'15: July 27-30, 2015, Las Vegas, USA)","Las Vegas, USA","July 27, 2015","March 31, 2015","March 31, 2015"
220,id092.eml,"CFP: IEEE CPS: Int'l Conf on Artificial Intelligence (CSCI-ISAI'19: Dec. 5-7, 2019, USA); Deadline: October 21","Las Vegas, USA","December 05, 2019","October 21, 2019","December 05, 2019"
221,id124.eml,"CFP: Int'l Conf. on AI + Deep Learning (ICAI: July 29 - August 1, 2019; Las Vegas): Deadline: June 20","Las Vegas, USA","July 29 - August 1, 2019","June 20, 2019","June 20, 2019:"
222,id069.eml,CFP:: DINWC2014- Czech Republic,"Ostrava, Czech Republic",,,
223,id346.eml,"Conference on Artificial Intelligence (ICAI 2012, USA) - decision on your paper (ICA3949) and reminder ",,"July 16, 2012","May 04, 2012","May 19, 2012"
224,id223.eml,"Call For Papers: Deadline: June 5 - Int'l Conf. on Advances in Big Data Analytics (July 21-24, 2014, Las Vegas, USA)","Las Vegas, USA","July 21, 2014","June 05, 2014","June 05, 2014"
225,id012.eml,2020 Jan. Nogoya conference | Natural Sciences & Engineering,"Nagoya, Japan",,,
226,id035.eml,CFP - WCEBW2012 = London + IEEE + E-commerce and Business on the Web,"London, UK","August 27, 2012","July 10, 2012","July 25, 2012"
227,id351.eml,Deadline Extended:: CFP:: Czech Republic- DICTAP 2013- July,No Location Found!,"July 08, 2013","May 30, 2013","June 28, 2013"
228,id130.eml,"CFP: International Conference on Artificial Intelligence (ICAI'15: July 27-30, 2015, Las Vegas, USA); Submission Deadline: March 31","Las Vegas, USA","July 27, 2015","March 31, 2015","March 31, 2015"
229,id137.eml,CFP: Special Issue on Energy-Aware Resource Management and Scheduling in SUSCOM journal,"Lyon, France","August 01, 2014","February 15, 2014","July 01, 2014"
230,id571.eml,"[GAMESNETWORK] CFP CHI PLAY 2019 (Rapid Communications Papers, Spotlight Papers, Doctoral Consortium, Student Game Competition, Interactivity and Works in Progress) - October 22–25, 2019 - Barcelona, Spain","Barcelona, Spain",,,
231,id175.eml,Call For Papers,"Kuala Lumpur, Malaysia","February 20, 2013","February 03, 2013","February 03, 2013"
232,id450.eml,"Last CFP - Poland , Sept. 22-24, 2014",,,,
233,id015.eml,A-M-S-I-E2014:Advanced Management Science and Information Engineering<WIT><EI/ISTP>,"Hong Kong, Hong Kong",,,
234,id046.eml,CFP :: DEIS 2013,"Kuala Lumpur, Malaysia","March 04, 2013","December 15, 2012","January 01, 2013"
235,id052.eml,CFP : International Journal of Education (IJE),No Location Found!,,,
236,id387.eml,"ICIA2012 - Malaysia - June 3-5, 2012",Malaysia,"June 03, 2012","May 02, 2012","June 03, 2012"
237,id143.eml,"CFP: Submission Deadline: March 31; Int'l Conference on Software Engineering Research & Practice (SERP'15: July 27-30, 2015, Las Vegas, USA)","Las Vegas, USA","July 27, 2015","March 31, 2015","March 31, 2015"
238,id399.eml,IEEE BigData 2019 Call for Workshop Papers and Posters,No Location Found!,,,
239,id006.eml,2020 AI & Innovation Invitation,"Taipei, Taiwan",,,
240,id440.eml,"Last CFP - Dubai - Jan. 28-30, 2015","Dubai, UAE","January 28, 2015","January 08, 2015","January 18, 2015"
241,id412.eml,IJRERD :: Call For Paper :: Volume 04 - Issue 10 (Oct 2019),No Location Found!,,,
242,id537.eml,"Submission Deadline: May 31 - The 2015 World Congress in CS, CE, & Applied Computing (July 27-30, 2015, USA) - Last CFP",,"July 27, 2015","May 31, 2015","May 31, 2015"
243,id211.eml,"Call For Papers: Congress in CS, CE, and Applied Computing (worldcomp'15: July 27-30, 2015, USA): submission deadline: March 31)",,"July 27, 2015","January 30, 2015","March 31, 2015"
244,id319.eml,Call for Papers - Computational Approaches to Media Entertainment Research (abstracts by 1-15 November 2019),"Munich, Germany",,,
245,id492.eml,Present and publish at 2nd SSG 2019 conference,Poland,,,
246,id498.eml,"Re: Conference Invitation - Zurich, Switzerland","Zurich, Switzerland",,,
247,id435.eml,Kind Reminer:: CFP:: 4th DICTAP2014- IEEE- Thailand,"Bangkok, Thailand","May 06, 2014","April 06, 2014","April 15, 2014"
248,id391.eml,IEEE BigData 2019 Call for Papers,"Los Angeles, USA","December 10, 2019","December 11, 2017","August 19, 2019"
249,id002.eml,2016 IEEE World Congress on Computational Intelligence - Call for Papers,"Vancouver, Canada",,,
250,id475.eml,"Last Call: Int'l Conf on Health Informatics & Medical Systems (HIMS'15: July 27-30, 2015, USA); May 31 is the submission deadline","Las Vegas, USA","July 27, 2015","May 31, 2015","May 31, 2015"
251,id356.eml,"Deadline Extension: INTELLI 2015 || October 11 - 16, 2015 - St. Julians, Malta",Malta,,,
252,id118.eml,"CFP: Int'l Conf on Software Engineering Research & Practice (SERP'15: July 27-30, 2015, Las Vegas, USA); Submission Deadline: March 31","Las Vegas, USA","July 27, 2015","March 31, 2015","March 31, 2015"
253,id390.eml,"IEEE BigData 2019 CFP: Aug 19, 2019 (6 days left)","Los Angeles, USA","December 10, 2019","December 11, 2017","August 19, 2019"
254,id580.eml,[GAMESNETWORK] Call for Papers - Audio Mostly 2019 - DEADLINE EXTENDED 24th of June (final),"Nottingham, UK",,,
255,id526.eml,Re: [GAMESNETWORK] CFP: The Aesthetics of Computer Games,"Phoenix, USA",,,
256,id085.eml,"CFP: IEEE CPS: Conf on Computational Science; Computational Intelligence; Computational Biology; Parallel and Distributed Processing (Dec. 5-7, 2019, USA); Deadline: October 21","Las Vegas, USA","December 05, 2019","October 21, 2019","December 05, 2019"
257,id274.eml,"Call For Papers: The 2013 International Conference on Data Mining (DMIN'13: July 22-25, Las Vegas, USA); Paper Submission Deadline: March 18, 2013","Moscow, Russia","July 22, 2013","March 18, 2013","March 18, 2013"
258,id001.eml,"**deadline approaching** - CFP: Conference on Green Computing, Technology and Innovation",Malaysia,"March 04, 2013","December 15, 2012","January 01, 2013"
259,id605.eml,"[GAMESNETWORK] [Call for papers] IEEE Conference on Games 2019, 20-23 August @ QMUL, London, UK",London,,,
260,id045.eml,"CFP : 4th ICEL2013 - Czech Republic - July 8-10, 2013",No Location Found!,,,
261,id136.eml,"CFP: Security, IoT, Cloud, CPS Int'l Conferences (July 29 - August 1, 2019, USA) - Deadline: June 20","Las Vegas, USA","July 29 - August 1, 2019","June 20, 2019","June 20, 2019:"
262,id067.eml,"CFP: DICTAP2013, ICEL2013, ICEEE2013, ICIA2013, ICIEIS2013",,"November 12, 2013","September 23, 2013","October 23, 2013"
263,id126.eml,"CFP: Int'l Conf. on Image Processing, Computer Vision, & Pattern Recognition (IPCV'15: July 27-30, 2015, Las Vegas, USA); Submission Deadline (Extended): April 15","Las Vegas, USA","July 27, 2015","April 15, 2015","April 15, 2015"
264,id485.eml,"Last chance to submit your paper - Computing Conference 2020 - London, UK",London,,,
265,id473.eml,"Last CFP::TAEECE and DICTAP:: Apr. 29 - 1 May, 2015- Lebanon",Lebanon,"May 01, 2015","April 07, 2015","April 12, 2015"
266,id503.eml,Re: IJCTT - Call For Paper - October 2019,No Location Found!,,,
267,id044.eml,"CFP : 4th ICEL2013 - Czech Republic - July 8-10, 2013",No Location Found!,,,
268,id428.eml,Invited for research and review papers : ijcr 2019,No Location Found!,,,
269,id561.eml,"World Congress on Education (WCE-2014): Final Call for Papers, Posters, Workshops and Tutorials!",London,"November 10, 2014","September 05, 2014","September 20, 2014"
270,id226.eml,"Call For Papers: Deadline: June 5 - Int'l Conf. on Scientific Computing (July 21-24, 2014, USA)","Las Vegas, USA","July 21, 2014","June 05, 2014","June 05, 2014"
271,id340.eml,Call for papers-8th International Conference on Software Engineering and Applications (SEAS 2019),"Vienna, Austria","August 13, 2019","July 27, 2019","August 10, 2019"
272,id101.eml,"CFP: Int'l Conf on Frontiers in Education: CS and CE (FECS'15: July 27-30, 2015, Las Vegas, USA); Submission Deadline: March 31","Las Vegas, USA","July 27, 2015","March 31, 2015","March 31, 2015"
273,id139.eml,"CFP: Submission Deadline: April 15; World Congress in Computer Science, Computer Engineering, & Applied Computing (July 27-30, 2015, Las Vegas, USA)","Las Vegas, USA","July 27, 2015","April 15, 2015","April 15, 2015"
274,id166.eml,"CFP: The 2015 World Congress in CS, CE, & Applied Computing (July 27-30, 2015, Las Vegas, USA); Submission Deadline: May 31",,"July 27, 2015","May 31, 2015","May 31, 2015"
275,id605.eml,"[GAMESNETWORK] [Call for papers] IEEE Conference on Games 2019, 20-23 August @ QMUL, London, UK",London,,,
276,id189.eml,"Call For Papers - Deadline: March 15 (ABDA'14: July 21-24, 2014, Las Vegas, USA) - Int'l Conf. on Advances in Big Data Analytics","Las Vegas, USA","July 21, 2014","March 15, 2014","March 15, 2014"
277,id559.eml,Welcomes high quality originalresearch papers  ,,,,
278,id294.eml,"Call For Papers/Posters: Int'l Conf. on Parallel & Distributed Processing Techniques & Applications (Scopus, SCI Compendex, Engineering Village indexings) - PDPTA'13: July 22-25, 2013, Las Vegas, USA - Submission deadline: June 2, 2013","Las Vegas, USA","July 22, 2013","June 02, 2013","June 02, 2013"
279,id213.eml,"Call For Papers: Deadline: June 4 - Int'l Conf. on Advances in Big Data Analytics (July 21-24, 2014, USA)","Las Vegas, USA","July 21, 2014","June 04, 2014","June 04, 2014"
280,id519.eml,Re: [GAMESNETWORK] CFP: The Aesthetics of Computer Games,No Location Found!,,,
281,id564.eml,"[CFP] Osaka, Japan - 2020 International Conference on Natural Science, Engineering, and Technology","Osaka, Japan","January 15, 2020","November 01, 2019","January 15, 2020"
282,id282.eml,"Call For Papers: The 2013 International Conference on e-Learning, e-Business, EIS, and e-Government (EEE'13: July 22-25, 2013, Las Vegas, USA) - Extended Paper submission deadline: April 6, 2013","Las Vegas, USA","July 22, 2013","April 06, 2013","April 06, 2013"
283,id258.eml,"Call For Papers: Submission Deadline: March 31; World Congress in CSE Applied Computing (July 27-30, 2015, Las Vegas, USA)","Las Vegas, USA","July 27, 2015","March 31, 2015","March 31, 2015"
284,id123.eml,"CFP: Int'l Conf. on AI + Deep Learning (ICAI: July 29 - August 1, 2019; Las Vegas): Deadline: June 20","Las Vegas, USA","July 29 - August 1, 2019","June 20, 2019","June 20, 2019:"
285,id482.eml,Last Extension-CFP:: EECEA2015- Philippines,"Manila, Philippines","February 12, 2015","January 25, 2015","January 28, 2015"
286,id377.eml,"Final Call for Papers - Computing Conference 2020 - London, UK",London,,,
287,id556.eml,WORLDCOMP10 Paper Submission,No Location Found!,,,
288,id604.eml,[GAMESNETWORK] [Call for Paper] ACM Symposium on Applied Perception 2019,"Barcelona, Spain",,,
289,id222.eml,"Call For Papers: Deadline: June 4 - Int'l Conf. on e-Learning, e-Business, Enterprise IS & e-Government (July 21-24, 2014, USA)","Las Vegas, USA","July 21-24, 2014","June 4, 2014                                  EEE'14       ","June 4, 2014:"
290,id618.eml,[ICAT'15] Call for Papers -  International Conference on Advanced Technology and Sciences,"Antalya, Turkey",,,
291,id385.eml,HCI International NEWS – November 2019 - Number 98,"Copenhagen, Denmark","October 28, 2019","October 25, 2019","October 26, 2019"
292,id599.eml,"[GAMESNETWORK] Reminder: cfp Media Industries 2020: Global Currents and Contradictions, 16-18 April 2020, King’s College London",No Location Found!,,,
293,id185.eml,"Call For Papers - Deadline: April 19 (SAM'14: July 21-24, 2014, Las Vegas, USA) - Int'l Conf. on Security and Management","Las Vegas, USA","July 21-24, 2014","April 19, 2014                                 SAM'14","April 19, 2014:"
294,id540.eml,"Submission closes 10 August (FIRM DEADLINE) - FICC 2020, San Francisco",San Francisco,,,
295,id055.eml,"CFP : The International Conference on Computing, Networking and Digital Technologies",Bahrain,"November 11, 2012","September 25, 2012","October 10, 2012"
296,id568.eml,"[GAMESNETWORK] 7th Games and Literary Theory Conference, Kolkata, 18-20th November","Kolkata, India",,,
297,id306.eml,"Call For Papers/Posters: The 2013 International Conference on Wireless Networks (Scopus, SCI Compendex, Engineering Village indexings) - ICWN'13: July 22-25, 2013, Las Vegas, USA - Submission deadline: June 2, 2013","Las Vegas, USA","July 22, 2013","June 02, 2013","June 02, 2013"
298,id248.eml,"Call For Papers: Scopus, SCI Compendex, Engineering Village, ... The 2013 International Conference on Image Processing, Computer Vision, and Pattern Recognition (IPCV'13: July 22-25, 2013, Las Vegas, USA) - Extended Paper submission deadline: April 20, 2013","Las Vegas, USA","July 22, 2013","April 20, 2013","April 20, 2013"
299,id017.eml,ACM CSUR Call for Papers,,,,
300,id225.eml,"Call For Papers: Deadline: June 5 - Int'l Conf. on Parallel & Distributed Processing Techniques & Applications (July 21-24, 2014, Las Vegas, USA)","Las Vegas, USA","July 21, 2014","June 05, 2014","June 05, 2014"
301,id533.eml,"Schedule/Program for ICAI 2012 (Conference on Artificial Intelligence - July 16-19, 2012, USA) - request for help in chairing sessions",,"July 16, 2012","June 24, 2012","July 16, 2012"
302,id130.eml,"CFP: International Conference on Artificial Intelligence (ICAI'15: July 27-30, 2015, Las Vegas, USA); Submission Deadline: March 31","Las Vegas, USA","July 27, 2015","March 31, 2015","March 31, 2015"
303,id468.eml,Last CFP: ICIEIS2013- Malaysia - Nov. 2013,,"November 12, 2013","October 25, 2013","October 30, 2013"
304,id347.eml,Correction: Call for 2020 IEEE Program Evaluators for Accreditation Activities,No Location Found!,,,
305,id276.eml,"Call For Papers: The 2013 International Conference on Frontiers in Education: Computer Science & Computer Engineering (FECS'13: July 22-25, 2013, USA) - Paper Submission Deadline: March 18, 2013",,"July 22, 2013","March 18, 2013","March 18, 2013"
306,id081.eml,"CFP: IEEE CPS: Conf on Cloud Computing and Data Centers and more (Dec. 5-7, 2019, USA); Deadline: October 21","Las Vegas, USA","December 05, 2019","October 21, 2019","December 05, 2019"
307,id377.eml,"Final Call for Papers - Computing Conference 2020 - London, UK",London,,,
308,id026.eml,CALL FOR PAPERS: 19th IEEE International Symposium on Signal Processing and Information Technology (ISSPIT 2019),"Dubai, UAE",,,
309,id152.eml,"CFP: Submission Deadline: May 31 - Int'l Conf. on Artificial Intelligence (ICAI'15: July 27-30, 2015, Las Vegas, USA)","Las Vegas, USA","July 27, 2015","May 31, 2015","May 31, 2015"
310,id181.eml,"Call For Papers - Deadline: April 19 (ICAI'14: July 21-24, 2014, Las Vegas, USA) - Int'l Conf. on Artificial Intelligence",,"July 21, 2014","April 19, 2014","April 19, 2014"
311,id527.eml,Re: [GAMESNETWORK] CFP: The Aesthetics of Computer Games,"Phoenix, USA",,,
312,id256.eml,"Call For Papers: Submission Deadline: March 31; International Conf. on Security and Management (SAM'15: July 27-30, 2015, Las Vegas, USA)","Las Vegas, USA","July 27, 2015","March 31, 2015","April 24, 2015"
313,id269.eml,"Call For Papers: The 2013 Int'l Conference on Wireless Networks (ICWN'13: July 22-25, 2013, Las Vegas, USA) - Paper submission deadline: March 18, 2013","Moscow, Russia","July 22, 2013","March 18, 2013","March 18, 2013"
314,id404.eml,IEEE Event 21 August - Radio Frequency ID via Drones,No Location Found!,,,
315,id613.eml,[Gamesnetwork] Correction regarding Call for papers Workshop on Game Intelligence and Informatics (GII),No Location Found!,,,
316,id434.eml,Kind Reminder::Last CFP:: DIPDMWC2015:: Dubai,"Dubai, UAE","January 28, 2015","January 12, 2015","January 18, 2015"
317,id558.eml,Welcome to Okinawa in June 2020,No Location Found!,,,
318,id366.eml,Early bird registration ends July 25th for the 2019 IEEE Ethernet & IP @ Automotive Tech Day,"Detroit, USA",,,
319,id217.eml,"Call For Papers: Deadline: June 4 - Int'l Conf. on Image Processing, Computer Vision & Pattern Recognition (July 21-24, 2014, USA)","Las Vegas, USA","July 21-24, 2014","June 4, 2014                                  IPCV'14            ","June 4, 2014:"
320,id083.eml,"CFP: IEEE CPS: Conf on Computational Science & Computational Intelligence (CSCI'19: Dec. 5-7, 2019, USA); Deadline: October 6",,"December 05, 2019","October 06, 2019","December 05, 2019"
321,id479.eml,"Last Call: Submission Deadline: May 31 - Int'l Conf on Parallel & Distributed Processing Tech. & Appl. (PDPTA'15: July 27-30, 2015, USA)","Las Vegas, USA","May 31, 2015 - 11:59pm","May 31, 2015 - 11:59pm","May 31, 2015:"
322,id480.eml,"Last Call: Submission Deadline: May 31 - Int'l Conf. on Artificial Intelligence (ICAI'15: July 27-30, 2015, USA)","Las Vegas, USA","July 27, 2015","May 31, 2015","May 31, 2015"
323,id272.eml,"Call For Papers: The 2013 Int'l Conference on e-Learning, e-Business, EIS, & e-Government (EEE'13: July 22-25, 2013, Las Vegas, USA) - Paper submission deadline: March 18, 2013","Las Vegas, USA","July 22, 2013","March 18, 2013","March 18, 2013"
324,id286.eml,"Call For Papers: The 2015 World Congress in CS, CE, & Applied Computing (July 27-30, 2015, USA); Submission Deadline: April 15",,"July 27, 2015","April 15, 2015","April 15, 2015"
325,id407.eml,"IEEE ISTAS 2019 (Boston, 15 - 16 November) - Call for Papers 23 August",Boston,,,
326,id360.eml,"Dear Fowler, A; Khosmood, F: An Invitation: Initiate a Special Issue and Become the Lead Guest Editor",No Location Found!,,,
327,id474.eml,"Last Call For Submissions(deadline:September 13,2019)-Denver,CO,USA-IConSES/IConEST 2019",No Location Found!,,,
328,id003.eml,2019 APCEAS @ Phuket: Sustainable Energy and Environmental Development,"Phuket, Thailand",,,
329,id534.eml,Scopus Index - Engineering Journal (Status-active 2019),No Location Found!,,,
330,id361.eml,"Dear Pena-Rios, A; Khosmood, F, It is Our Honor to Invite You to Become the Lead Guest Editor of Your Proposed Special Issue",,,,
331,id021.eml,About the publication of your paper,"Bangkok, Thailand",,,
332,id350.eml,Deadline Extended (Feb-10-2013) - CyberSec 2013 - Malaysia,"Kuala Lumpur, Malaysia","February 20, 2013","February 10, 2013","February 15, 2013"
333,id058.eml,CFP- CyberSec2012 - IEEE - Malaysia - June 26-28,"Kuala Lumpur, Malaysia","June 26, 2012","April 30, 2012","May 25, 2012"
334,id187.eml,"Call For Papers - Deadline: April 19 - Int'l Conf. on Software Engineering Research & Practice (SERP'14: July 21-24, 2014, Las Vegas, USA)","Las Vegas, USA","July 21, 2014","April 19, 2014","April 19, 2014"
335,id201.eml,"Call For Papers - Deadline: March 15 - Int'l Conf. on Wireless Networks (ICWN'14: July 21-24, 2014, Las Vegas, USA)",,"July 21, 2014","March 15, 2014","March 15, 2014"
336,id392.eml,IEEE BigData 2019 Call for Papers,"Los Angeles, USA","December 10, 2019","December 11, 2017","August 19, 2019"
337,id128.eml,"CFP: Int'l Conf. on Parallel and Distributed Processing Techniques & Applications (PDPTA'15: July 27-30, 2015, Las Vegas, USA); Submission Deadline (Extended): April 15","Las Vegas, USA","July 27, 2015","April 15, 2015","April 15, 2015"
338,id202.eml,Call For Papers,,"July 16, 2012","June 26, 2012","July 10, 2012"
339,id091.eml,"CFP: IEEE CPS: Int'l Conf on Artificial Intelligence (CSCI-ISAI'19: Dec. 5-7, 2019, USA); Deadline: Nov 5",,"December 05, 2019","November 05, 2019","December 05, 2019"
340,id049.eml,CFP : EBW2013 = Thailand + IEEE technically co-sponsored + May 7-9,Thailand,"May 07, 2013","March 20, 2013","April 30, 2013"
341,id549.eml,"This email is sent to those who registered to attend one of the tracks of World Congress in CS and CE (July 16-19, 2012, Las Vegas) ","Las Vegas, USA",,,
342,id516.eml,Re: [GAMESNETWORK] CFP: The Aesthetics of Computer Games,Belarus,,,
343,id089.eml,"CFP: IEEE CPS: Conference on Big Data & Data Science (CSCI-ISBD'19: Dec. 5-7, 2019, USA); Deadline: Nov 5","Las Vegas, USA","December 05, 2019","November 05, 2019","December 05, 2019"
344,id640.eml,【征稿】[CPCI-SSH][published by DEStech Publications]ESHD2014 ;Chengdu，China,No Location Found!,,,
345,id511.eml,Re: [GAMESNETWORK] CFP: The Aesthetics of Computer Games,No Location Found!,,,
346,id190.eml,"Call For Papers - Deadline: March 15 (CSC'14: July 21-24, 2014, Las Vegas, USA) - Int'l Conf. on Scientific Computing","Las Vegas, USA","July 21, 2014","March 15, 2014","March 15, 2014"
347,id471.eml,Last CFP: Only 2 more days - 3rd ICDIPC2013 - Dubai - Jan 2013,"Dubai, UAE","February 01, 2013","December 15, 2012","January 05, 2013"
348,id437.eml,"LAST Call For Papers: Submission Deadline: May 31 - The 2015 Int'l Conf on Security & Management (SAM'15: July 27-30, 2015, USA)","Las Vegas, USA","July 27, 2015","May 31, 2015","May 31, 2015"
349,id394.eml,IEEE BigData 2019 Call for Participations,No Location Found!,,,
350,id265.eml,"Call For Papers: The 2013 Int'l Conference on Scientific Computing (CSC'13: July 22-25, Las Vegas, USA); Paper Submission Deadline: March 18, 2013","Moscow, Russia","July 22, 2013","March 18, 2013","March 18, 2013"
351,id352.eml,Deadline Extended:: CFP:: ICIA2013 and ICEEE2013:: IEEE- Poland,Poland,,,
352,id633.eml,cpSPAM Chongqing China|ICCEA2014 Call for Papers|www.ICCEA2014.org,"Chongqing, China",,,
353,id124.eml,"CFP: Int'l Conf. on AI + Deep Learning (ICAI: July 29 - August 1, 2019; Las Vegas): Deadline: June 20","Las Vegas, USA","July 29 - August 1, 2019","June 20, 2019","June 20, 2019:"
354,id180.eml,"Call For Papers - Deadline: April 19 (FECS'14: July 21-24, 2014, Las Vegas, USA) - Int'l Conf. on Frontiers in Education","Las Vegas, USA","July 21, 2014","April 19, 2014","April 19, 2014"
355,id102.eml,"CFP: Int'l Conf on Grid & Cloud Computing and Applications (GCA'15: July 27-30, 2015, Las Vegas, USA); Submission Deadline: March 31","Las Vegas, USA","July 27, 2015","March 31, 2015","April 24, 2015"
356,id363.eml,"Dear Pena-Rios, A; Khosmood, F: An Invitation from Mathematics and Computer Science: Submit Your Paper to the Journal",No Location Found!,,,
357,id220.eml,"Call For Papers: Deadline: June 4 - Int'l Conf. on Software Engineering Research & Practice (July 21-24, 2014, USA)","Las Vegas, USA","July 21, 2014","June 04, 2014","June 04, 2014"
358,id104.eml,"CFP: Int'l Conf on Health Informatics & Medical Systems (HIMS'15: July 27-30, 2015, Las Vegas, USA); May 31 is the submission deadline","Las Vegas, USA","July 27, 2015","May 31, 2015","May 31, 2015"
359,id393.eml,IEEE BigData 2019 Call for Papers,"Los Angeles, USA","December 10, 2019","December 11, 2017","August 19, 2019"
360,id590.eml,[GAMESNETWORK] GHItaly 2019 - DEADLINE EXTENDED - 3rd International Workshop on Games-Human Interaction,"Padova, Italy",,,
361,id401.eml,"IEEE BigData 2019 Last CFP , deadline: Aug 19, 2019","Los Angeles, USA","December 10, 2019","December 11, 2017","August 19, 2019"
362,id522.eml,Re: [GAMESNETWORK] CFP: The Aesthetics of Computer Games,London,,,
363,id154.eml,"CFP: Submission Deadline: May 31 - The 2015 Int'l Conf on Internet Computing & Big Data (ICOMP'15: July 27-30, 2015, USA)","Las Vegas, USA","July 27, 2015","May 31, 2015","May 31, 2015"
364,id442.eml,Last CFP - E-Learning and E-Technologies in Education - IEEE,"Lodz, Poland","September 24, 2012","August 15, 2012","August 30, 2012"
365,id528.eml,Re: [GAMESNETWORK] Call for Papers: Animals and the City workshop at ACI2019,"Haifa, Israel",,,
366,id320.eml,Call for Papers,No Location Found!,,,
367,id103.eml,"CFP: Int'l Conf on Health Informatics & Medical Systems (HIMS'15: July 27-30, 2015, Las Vegas, USA); May 31 is the submission deadline","Las Vegas, USA","July 27, 2015","May 31, 2015","May 31, 2015"
368,id281.eml,"Call For Papers: The 2013 International Conference on e-Learning, e-Business, EIS, and e-Government (EEE'13: July 22-25, 2013, Las Vegas, USA) - Extended Paper submission deadline: April 20, 2013","Las Vegas, USA","July 22, 2013","April 20, 2013","April 20, 2013"
369,id506.eml,RE: [GAMESNETWORK] CFP: Games + Communication Ante-Conference (prior to ICA 2019),No Location Found!,,,
370,id214.eml,"Call For Papers: Deadline: June 4 - Int'l Conf. on Artificial Intelligence (July 21-24, 2014, USA)","Las Vegas, USA","July 21, 2014","June 04, 2014","June 04, 2014"
371,id138.eml,"CFP: Springer LNAI, 15th International Conference on Artificial Intelligence and Soft Computing, June 12-16, 2016, Zakopane","Zakopane, Poland",,,
372,id293.eml,"Call For Papers/Posters: Int'l Conf. on Image Processing, Computer Vision, & Pattern Recog. (Scopus, SCI Compendex, Engineering Village indexings) - IPCV'13: July 22-25, 2013, USA - Submission deadline: June 2, 2013","Las Vegas, USA","July 22, 2013","June 02, 2013","June 02, 2013"
373,id120.eml,"CFP: Int'l Conf on Wireless Networks (ICWN'15: July 27-30, 2015, Las Vegas, USA) - Submission Deadline: May 31","Las Vegas, USA","July 27, 2015","May 31, 2015","May 31, 2015"
374,id024.eml,"CALL FOR PAPER FOR VOLUME 6, ISSUE 7 FOR THE MONTH OF JULY 2019 (INDEXED:THOMSON REUTERS ENDNOTE)",No Location Found!,,,
375,id551.eml,TiiS Call for Papers: Special issue on Interactive Visual Analytics for Making Explainable and Accountable Decisions,,"May 15, 2020","November 17, 2019","April 20, 2020"
376,id116.eml,"CFP: Int'l Conf on Scientific Computing (CSC'15: July 27-30, 2015, Las Vegas, USA) - Submission Deadline: May 31","Las Vegas, USA","July 27, 2015","May 31, 2015","May 31, 2015"
377,id405.eml,IEEE Event 21 August - Radio Frequency ID via Drones,,,,
378,id109.eml,"CFP: Int'l Conf on Information and Knowledge Engineering (IKE'15: July 27-30, 2015, Las Vegas, USA); Submission Deadline: March 31","Las Vegas, USA","July 27, 2015","March 31, 2015","March 31, 2015"
379,id445.eml,Last CFP - ICIA2012 - Malaysia,Malaysia,"June 03, 2012","May 05, 2012","June 03, 2012"
380,id193.eml,"Call For Papers - Deadline: March 15 - Int'l Conf. on Advances in Big Data Analytics (ABDA'14: July 21-24, 2014, Las Vegas, USA)","Las Vegas, USA","July 21, 2014","March 15, 2014","March 15, 2014"
381,id146.eml,"CFP: Submission Deadline: March 31; World Congress in Computer Science, Computer Engineering, & Applied Computing (July 27-30, 2015, Las Vegas, USA)","Las Vegas, USA","July 27, 2015","March 31, 2015","March 31, 2015"
382,id637.eml,"cpSPAM [Chengdu,China] ESHD2014 Call for Papers--Last Round",No Location Found!,,,
383,id357.eml,"Deadline extended (March 30, 2014):: CFP:: IEEE- Lebanon",Lebanon,"April 19, 2014","March 30, 2014","April 15, 2014"
384,id051.eml,CFP : ICCTIM - Dubai - April 2014,"Dubai, UAE","March 31, 2014","March 10, 2014","March 20, 2014"
385,id512.eml,Re: [GAMESNETWORK] CFP: The Aesthetics of Computer Games,"Phoenix, USA",,,
386,id283.eml,"Call For Papers: The 2013 World Congress in Computer Science, Computer Engineering, & Applied Computing (WORLDCOMP'13: July 22-25, 2013, Las Vegas, USA) - Scopus, SCI Compendex, Ei Village, ... Extended Paper submission deadline: April 6, 2013","Las Vegas, USA","July 22, 2013","April 06, 2013","April 06, 2013"
387,id379.eml,Final Registration Deadline｜ 2019 Japan Conference,"Kyoto, Japan",,,
388,id144.eml,"CFP: Submission Deadline: March 31; The 2015 International Conference on Scientific Computing (CSC'15: July 27-30, 2015, Las Vegas, USA)","Las Vegas, USA","July 27, 2015","March 31, 2015","March 31, 2015"
389,id513.eml,Re: [GAMESNETWORK] CFP: The Aesthetics of Computer Games,,,,
390,id169.eml,CFP:: WCIT2014 Congress- Kuala Lumpur- Malaysia,,"March 18, 2014","February 18, 2014","March 04, 2014"
391,id562.eml,Your guide to IoT sessions at re:Invent,"Las Vegas, USA",,,
392,id032.eml,CFP - ICIA2012 - Malaysia,Malaysia,"June 03, 2012","May 02, 2012","June 03, 2012"
393,id497.eml,"Re: Conference Invitation - Zurich, Switzerland","Zurich, Switzerland",,,
394,id088.eml,"CFP: IEEE CPS: Conf on Social Network Analysis, Social Media and Mining (CSCI-ISNA'19: Dec. 5-7, 2019, USA); Deadline: October 21","Las Vegas, USA","December 05, 2019","October 21, 2019","December 05, 2019"
395,id215.eml,"Call For Papers: Deadline: June 4 - Int'l Conf. on Bioinformatics & Computational Biology (July 21-24, 2014, USA)","Las Vegas, USA","July 21, 2014","June 04, 2014","June 14, 2014"
396,id358.eml,Deadline is Aproaching:: CFP:: ICDIPC2014- Kuala Lumpur- Malaysia,"Kuala Lumpur, Malaysia","March 18, 2014","February 18, 2014","March 04, 2014"
397,id006.eml,2020 AI & Innovation Invitation,"Taipei, Taiwan",,,
398,id230.eml,"Call For Papers: ELSEVIER Book ""Computational Biology, Bioinformatics, & Systems Biology"" + Big Data; Submission Deadline: November 1, 2014",,"November 1, 2014","no later than November 1, 2014","November 21, 2014"
399,id481.eml,Last Chance--publishing papers,"Beijing, China",,,
400,id119.eml,"CFP: Int'l Conf on Wireless Networks (ICWN'15: July 27-30, 2015, Las Vegas, USA) - Submission Deadline: May 31","Las Vegas, USA","July 27, 2015","May 31, 2015","May 31, 2015"
401,id634.eml,cpSPAM Re: International Conference Invitation - Europe,No Location Found!,,,
402,id071.eml,CFP: DIPECC2013- Oct. 23-25: Dubai,"Dubai, UAE","October 23, 2013","October 15, 2001","October 18, 2013"
403,id417.eml,International Journal of Applied Engineering Research,No Location Found!,,,
404,id543.eml,SusTech 2020,Santa Ana,,,
405,id063.eml,CFP:: 4th DICTAP2014 - Thailand,"Bangkok, Thailand","May 06, 2014","April 06, 2014","April 15, 2014"
406,id100.eml,"CFP: Int'l Conf on Foundations of Computer Science (FCS'15: July 27-30, 2015, Las Vegas, USA); Submission Deadline: March 31","Las Vegas, USA","July 27, 2015","March 31, 2015","March 31, 2015"
407,id565.eml,[EDUSOCINDIA] CFP: 2019 IEEE 9th International Advance Computing Conference (IACC 2019),No Location Found!,"November 15, 2019","August 15, 2019","October 31, 2019"
408,id171.eml,Call For Papers (Sep 2019) (Impact Factor: 2.545),No Location Found!,,,
409,id478.eml,"Last Call: Submission Deadline: May 31 - Int'l Conf on Frontiers in Education: CS & CE (FECS'15: July 27-30, 2015, USA)","Las Vegas, USA","July 27, 2015","May 31, 2015","May 31, 2015"
410,id400.eml,IEEE BigData 2019 Call for Workshop Papers and Posters,No Location Found!,,,
411,id311.eml,Call for Paper,,,,
412,id515.eml,Re: [GAMESNETWORK] CFP: The Aesthetics of Computer Games,No Location Found!,,,
413,id280.eml,"Call For Papers: The 2013 International Conference on Wireless Networks (ICWN'13: July 22-25, 2013, USA) - Paper Submission Deadline: March 18, 2013","Moscow, Russia","July 22, 2013","March 18, 2013","March 18, 2013"
414,id090.eml,"CFP: IEEE CPS: Conference on Internet of Things (CSCI-ISOT'19: Dec. 5-7, 2019, USA); Deadline: Nov 5","Las Vegas, USA","December 05, 2019","November 05, 2019","December 05, 2019"
415,id255.eml,"Call For Papers: Submission Deadline: June 4 - Int'l Conf. on Wireless Networks (July 21-24, 2014, Las Vegas, USA)","Las Vegas, USA","July 21, 2014","June 04, 2014","June 04, 2014"
416,id033.eml,CFP,,"November 11, 2012","August 27, 2012","September 24, 2012"
417,id429.eml,Inviting Manuscripts for December 2019 issue (Computer Science Engineering)- HBRP Publication,No Location Found!,,,
418,id062.eml,CFP:: 3rd ICEEE2014- Kuala Lumpur- Malaysia,"Kuala Lumpur, Malaysia","March 18, 2014","February 18, 2014","March 04, 2014"
419,id034.eml,CFP - Thailand : 2nd IEEE DICTAP2012,"Bangkok, Thailand",,,
420,id300.eml,"Call For Papers/Posters: International Conference on Security and Management (Scopus, SCI Compendex, Engineering Village indexings) - SAM'13: July 22-25, 2013, Las Vegas, USA - Submission deadline: June 2, 2013","Las Vegas, USA","July 22, 2013","June 02, 2013","June 12, 2013"
421,id194.eml,"Call For Papers - Deadline: March 15 - Int'l Conf. on Bioinformatics & Computational Biology (BIOCOMP'14: July 21-24, 2014, Las Vegas, USA)","Las Vegas, USA","July 21, 2014","March 15, 2014","March 15, 2014"
422,id108.eml,"CFP: Int'l Conf on Image Processing, Computer Vision, and Pattern Recognition (IPCV'15: July 27-30, 2015, Las Vegas, USA); Submission Deadline: March 31","Las Vegas, USA","July 27, 2015","March 31, 2015","March 31, 2015"
423,id578.eml,[GAMESNETWORK] Call for Chapters: Global Perspectives on Gameful and Playful Teaching and Learning,,"June 10, 2019","before June 10, 2019","June 30, 2019"
424,id547.eml,The Last CFP::EEECEGC 2013- Dubai- UAE,"Dubai, UAE","December 11, 2013","November 20, 2013","November 28, 2013"
425,id292.eml,"Call For Papers/Posters: Int'l Conf. Image Processing, Computer Vision, & Pattern Recognition (Scopus, SCI Compendex, Engineering Village indexings) - IPCV'13: July 22-25, 2013, Las Vegas, USA - Submission deadline: June 2, 2013","Las Vegas, USA","July 22, 2013","June 02, 2013","June 02, 2013"
426,id481.eml,Last Chance--publishing papers,"Beijing, China",,,
427,id305.eml,"Call For Papers/Posters: The 2013 International Conference on Software Engineering Research and Practice - SERP'13: July 22-25, 2013, Las Vegas, USA - Submission deadline: June 2, 2013","Las Vegas, USA","July 22, 2013","June 02, 2013","June 12, 2013"
428,id098.eml,"CFP: Int'l Conf on Data Mining (DMIN'15: July 27-30, 2015, Las Vegas, USA); Submission Deadline: March 31","Las Vegas, USA","July 27, 2015","March 31, 2015","March 31, 2015"
429,id010.eml,2020 ICEAI takes you to Fukuoka,"Fukuoka, Japan",,,
430,id371.eml,"Extended Deadline (Aug. 25, 2014)- Poland, Sept. 22-24, 2014","Lodz, Poland","September 22, 2014","August 25, 2014","September 05, 2014"
431,id313.eml,"Call for Paper, ICAT19, 26-30 August, Bosnia and Herzegovina, Sarajevo",,"August 26, 2019","June 30, 2019","July 05, 2019"
432,id257.eml,"Call For Papers: Submission Deadline: March 31; International Conf. on Wireless Networks (ICWN'15: July 27-30, 2015, Las Vegas, USA)","Las Vegas, USA","July 27-30, 2015","March 31, 2015                                ICWN'15         ","March 31, 2015:"
433,id328.eml,"Call for Papers:: DEIS2013: Conference on e-learning, networks, computing, security and technologies","Kuala Lumpur, Malaysia",,,
434,id195.eml,"Call For Papers - Deadline: March 15 - Int'l Conf. on Frontiers in Education: CS & CE (FECS'14: July 21-24, 2014, Las Vegas, USA)","Las Vegas, USA","July 21, 2014","March 15, 2014","April 15, 2014"
435,id060.eml,"CFP: 3rd DICTAP 2013- Czech Republic - July 8-10, 2013","Ostrava, Czech Republic","July 08, 2013","May 10, 2013","June 15, 2013"
436,id441.eml,"Last CFP - Dubai - Jan. 28-30, 2015",No Location Found!,"January 28, 2015","January 08, 2015","January 18, 2015"
437,id125.eml,"CFP: Int'l Conf. on Health Informatics and Medical Systems (HIMS'15: July 27-30, 2015, USA): submission deadline: March 31","Las Vegas, USA","July 27, 2015","January 30, 2015","March 31, 2015"
438,id268.eml,"Call For Papers: The 2013 Int'l Conference on Software Engineering Research and Practice (SERP'13: July 22-25, 2013, Las Vegas, USA) - Paper submission deadline: March 18, 2013","Las Vegas, USA","July 22, 2013","March 18, 2013","March 18, 2013"
439,id601.eml,[GAMESNETWORK] TGPA DL Exteneded to 7 June - Teaching Games:Pedagogical Approaches DiGRA 2019 Pre-Conference Workshop (TGPA:DiGRA2019),"Kyoto, Japan","July 19, 2019","June 07, 2019","June 28, 2019"
440,id477.eml,"Last Call: Int'l Conf on Wireless Networks (ICWN'15: July 27-30, 2015, USA) - Submission Deadline: May 31","Las Vegas, USA","July 27, 2015","May 31, 2015","May 31, 2015"
441,id007.eml,2020 AI Conference ｜Highlight Speech ft. Smart Healthcare Leader,No Location Found!,"March 30, 2020","February 05, 2020","February 19, 2020"
442,id402.eml,IEEE Computer Society AI and Smart Manufacturing Working Group Plenary Meeting,"Beijing, China",,,
443,id019.eml,ACM TQC Now Open for Submissions,,,,
444,id210.eml,"Call For Papers: CS & CE World Congress (CSCE'19: July 29 - August 1, 2019, Las Vegas); Deadline: June 20",,"July 29 - August 1, 2019","June 20, 2019","June 20, 2019:"
445,id635.eml,"cpSPAM Re: International Conference Invitation - Kuala lumpur, Malaysia","Kuala Lumpur, Malaysia",,,
446,id055.eml,"CFP : The International Conference on Computing, Networking and Digital Technologies",Bahrain,"November 11, 2012","September 25, 2012","October 10, 2012"
447,id414.eml,"International Conference Invitation: Kuala Lumpur, Malaysia","Kuala Lumpur, Malaysia",,,
448,id168.eml,CFP:: The Second World Congress on Computing and Information Technology (WCIT2014):: Malaysia,"Kuala Lumpur, Malaysia","March 18, 2014","February 18, 2014","March 04, 2014"
449,id388.eml,"ICSAI2019, Shanghai, 2nd Round Submissions due 15 September [SCI Special Issue/EI Compendex/SCOPUS/IEEE Xplore]      2019/8/3 22:13:31 ekwuv","Shanghai, China",,,
450,id087.eml,"CFP: IEEE CPS: Conf on IoT - part of Computational Science and Computational Intelligence (CSCI-ISOT'19: Dec. 5-7, 2019, USA); Deadline: October 21","Las Vegas, USA","December 05, 2019","October 21, 2019","December 05, 2019"
451,id241.eml,"Call For Papers: Int'l Conference on Artificial Intelligence (ICAI'15: July 27-30, 2015, Las Vegas, USA); Submission Deadline: March 31",,"July 27, 2015","March 31, 2015","April 24, 2015"
452,id554.eml,"WORLDCOMP 2012 Congress (July 16-19, 2012) - we need help - can you please chair a session?",,"July 16, 2012","June 27, 2012","July 16, 2012"
453,id233.eml,"Call For Papers: IEEE CPS: Conferences on Cyber Warfare, Social Networks, Mobile Computing, Software Eng, Comp. Intelligence (Dec. 5 - 7, 2019: USA) - deadline: Oct. 6","Las Vegas, USA","December 05, 2019","October 06, 2019","December 05, 2019"
454,id370.eml,Extended CFP:: TAEECE 2013- IEEE- Turkey,,"May 09, 2013","March 28, 2013","April 20, 2013"
455,id596.eml,[GAMESNETWORK] Press Start Journal: Open CfP July 2019,No Location Found!,,,
456,id438.eml,"LAST Call for Papers- USA (July 15-17, 2015)",,"July 17, 2015","June 25, 2015","July 15, 2015"
457,id446.eml,"Last CFP - Malasyisa - Nov. 17-19, 2014",Malaysia,,,
458,id536.eml,"Special Issue on ""Recent Trends and Techniques in Computing Information Intelligence""",No Location Found!,,,
459,id302.eml,"Call For Papers/Posters: The 2013 Int'l Conference on Information and Knowledge Engineering (Scopus, SCI Compendex, Engineering Village indexings) - IKE'13: July 22-25, 2013, Las Vegas, USA - Submission deadline: June 2, 2013","Las Vegas, USA","July 22, 2013","June 02, 2013","June 02, 2013"
460,id541.eml,Submissions invited for Int J Robot Eng,No Location Found!,,,
461,id160.eml,"CFP: The 2015 Int'l Conf on e-Learning, e-Business, EIS, & e-Government (EEE'15: July 27-30, 2015, USA) - Submission Deadline: May 31","Las Vegas, USA","July 27, 2015","May 31, 2015","May 31, 2015"
462,id106.eml,"CFP: Int'l Conf on Image Processing, Computer Vision, & PR (IPCV'15: July 27-30, 2015, Las Vegas, USA); Submission Deadline: May 31","Las Vegas, USA","July 27, 2015","May 31, 2015","May 31, 2015"
463,id107.eml,"CFP: Int'l Conf on Image Processing, Computer Vision, & Pattern Recognition (IPCV'15: July 27-30, 2015, Las Vegas, USA); Submission Deadline: March 31","Las Vegas, USA","July 27, 2015","March 31, 2015","March 31, 2015"
464,id224.eml,"Call For Papers: Deadline: June 5 - Int'l Conf. on Data Mining (July 21-24, 2014, USA)","Las Vegas, USA","July 21, 2014","June 05, 2014","June 05, 2014"
465,id179.eml,"Call For Papers - Deadline: April 19 (FECS'14: July 21-24, 2014, Las Vegas, USA) - Int'l Conf. on Frontiers in Education - CSCE","Las Vegas, USA","July 21, 2014","April 19, 2014","April 19, 2014"
466,id113.eml,"CFP: Int'l Conf on Parallel & Distributed Proc. Techniques & Applications (PDPTA'15: July 27-30, 2015, Las Vegas, USA); Submission Deadline: March 31","Las Vegas, USA","July 27, 2015","March 31, 2015","March 31, 2015"
467,id250.eml,"Call For Papers: Scopus, SCI Compendex, Engineering Village, ... The 2013 International Conference on Parallel and Distributed Processing Techniques and Applications (PDPTA'13: July 22-25, 2013, Las Vegas, USA) - Extended Paper submission deadline: April 20, 2013","Las Vegas, USA","July 22, 2013","April 20, 2013","April 20, 2013"
468,id064.eml,"CFP: Bioinformatics, Health Informatics, AI, HPC conferences (July 29 - August 1, 2019; Las Vegas); Deadline: June 20","Las Vegas, USA","July 29 - August 1, 2019","June 20, 2019","June 20, 2019:"
469,id322.eml,Call for Papers : Dubai:: March 2015,"Dubai, UAE",,,
470,id234.eml,"Call For Papers: Int'l Conf on Advances in Big Data Analytics (ABDA'15: July 27-30, 2015, Las Vegas, USA); Submission Deadline: March 31","Las Vegas, USA","July 27, 2015","March 31, 2015","March 31, 2015"
471,id153.eml,"CFP: Submission Deadline: May 31 - Int'l Conf. on Artificial Intelligence (ICAI'15: July 27-30, 2015, Las Vegas, USA)","Las Vegas, USA","July 27, 2015","May 31, 2015","May 31, 2015"
472,id317.eml,Call for Papers,"Konya, Turkey","May 9-11, 2013","March 20, 2013","April 20, 2013 or Before"
473,id488.eml,"Manuscript Submission  Online  Vol. 8, Issue 8 Impact Factor: 5.164 (Indexed: Thomson Reuters Researcher ID)",No Location Found!,,,
474,id587.eml,[GAMESNETWORK] ECREA Digital Games Research Section symposium: Deadline extended until 7.5.2019,No Location Found!,,,
475,id298.eml,"Call For Papers/Posters: International Conference Scientific Computing - CSC'13: July 22-25, 2013, Las Vegas, USA - Submission deadline: June 2, 2013","Las Vegas, USA","July 22, 2013","June 02, 2013","June 12, 2013"
476,id505.eml,"Re: International Conference Invitation - Kuala lumpur, Malaysia","Kuala Lumpur, Malaysia",,,
477,id353.eml,Deadline Extended: Call for Papers: Malaysia,No Location Found!,,,
478,id348.eml,Deadline Extended (Feb-06-2013)  - DEIS 2013 - Malaysia,"Kuala Lumpur, Malaysia","March 04, 2013","February 06, 2013","February 20, 2013"
479,id455.eml,"Last CFP : Malaysia, Oct. 2014",Malaysia,,,
480,id483.eml,"Last Mile: ICONS 2015 and EMBEDDED 2015 || April 19 - 23, 2015 - Barcelona, Spain","Barcelona, Spain",,,
481,id508.eml,"Re: [GAMESNETWORK] CFP: Ropecon Academic Seminar, July 26, Helsinki, Finland","Helsinki, Finland",,,
482,id333.eml,Call for Research Papers:: ICGCTI 2013:: Malaysia,"Kuala Lumpur, Malaysia","February 10, 2013","January 03, 2013","January 25, 2013"
483,id253.eml,"Call For Papers: Submission Deadline: June 4 - Int'l Conf. on Artificial Intelligence (July 21-24, 2014, Las Vegas, USA)","Las Vegas, USA","July 21, 2014","June 04, 2014","June 04, 2014"
484,id418.eml,International journal PEEMS2019 (EI+SCOPUS Index) ISSN: 2475-8833,No Location Found!,,,
485,id336.eml,Call for Submissions: World Congress on Education (WCE-2014)!,"London, UK","September 15, 2014","August 20, 2014","August 31, 2014"
486,id439.eml,"Last CFP - Dubai - Jan. 28-30, 2015","Dubai, UAE","January 28, 2015","January 08, 2015","January 18, 2015"
487,id227.eml,"Call For Papers: Deadline: June 5 - Int'l Conf. on Security and Management (July 21-24, 2014, USA)","Las Vegas, USA","July 21, 2014","June 05, 2014","June 05, 2014"
488,id072.eml,CFP:: DigitalSec2014:: Czech Republic- Ostrava,,"June 14, 2014","May 25, 2014","June 05, 2014"
489,id212.eml,Call For Papers:: DINWC- Czech Republic,No Location Found!,"June 14, 2014","May 25, 2014","June 05, 2014"
490,id545.eml,TOKYO 2020 July Conference,No Location Found!,"April 30, 2020","March 05, 2020","March 20, 2020"
491,id218.eml,"Call For Papers: Deadline: June 4 - Int'l Conf. on Internet Computing & Big Data (July 21-24, 2014, USA)","Las Vegas, USA","July 21, 2014","June 04, 2014","June 14, 2014"
492,id162.eml,"CFP: The 2015 Int'l Conference on Security & Management (SAM'15: July 27-30, 2015, Las Vegas, USA); Extended Submission Deadline: April 15","Las Vegas, USA","July 27, 2015","April 15, 2015","April 15, 2015"
493,id288.eml,"Call For Papers: The 2015 World Congress in CS, CE, and Applied Computing (July 27-30, 2015, Las Vegas, USA); submission deadline: March 31",,"July 27, 2015","March 31, 2015","March 31, 2015"
494,id520.eml,Re: [GAMESNETWORK] CFP: The Aesthetics of Computer Games,Belarus,,,
495,id018.eml,ACM TOPC Call for Papers,,,,
496,id458.eml,"Last CFP : The International Conference on Computing, Networking and Digital Technologies",Bahrain,"November 11, 2012","October 20, 2012","October 25, 2012"
497,id047.eml,CFP :: DEIS 2013,"Kuala Lumpur, Malaysia","March 04, 2013","December 15, 2012","January 01, 2013"
498,id476.eml,"Last Call: Int'l Conf on Image Processing, Computer Vision, & PR (IPCV'15: July 27-30, 2015, USA); Submission Deadline: May 31","Las Vegas, USA","July 27, 2015","May 31, 2015","May 31, 2015"
499,id453.eml,Last CFP - WCEBW2012 = London + IEEE + E-commerce and Business on the Web,"London, UK","August 27, 2012","July 17, 2012","July 30, 2012"
500,id362.eml,"Dear Pena-Rios, A; Khosmood, F: A Letter of Invitation from the Editorial Board of Mathematics and Computer Science",,,,
501,id050.eml,CFP : EBW2013 = Thailand + IEEE technically co-sponsored + May 7-9,,"May 07, 2013","March 20, 2013","April 30, 2013"
502,id114.eml,"CFP: Int'l Conf on Parallel & Distributed Proc. Techniques & Applications (PDPTA'15: July 27-30, 2015, Las Vegas, USA); Submission Deadline: May 31","Las Vegas, USA","July 27, 2015","May 31, 2015","May 31, 2015"
503,id196.eml,"Call For Papers - Deadline: March 15 - Int'l Conf. on Information & Knowledge Engineering (IKE'14: July 21-24, 2014, Las Vegas, USA)","Las Vegas, USA","July 21, 2014","March 15, 2014","March 15, 2014"
504,id220.eml,"Call For Papers: Deadline: June 4 - Int'l Conf. on Software Engineering Research & Practice (July 21-24, 2014, USA)","Las Vegas, USA","July 21, 2014","June 04, 2014","June 04, 2014"
505,id426.eml,"Invitation from Editor in Chief, JMEST",No Location Found!,,,
506,id004.eml,2019 GEASC – Invite you to join Tokyo exploring Tour,No Location Found!,,,
507,id068.eml,"CFP: DICTAP2013, ICEL203, ICIA2013, ICEEE2013, DIPECC 2013",,"October 23, 2013","July 08, 2013","September 23, 2013"
508,id641.eml,审计学-双检索【CPCI和中国知网】论文征集,No Location Found!,,,
509,id470.eml,"Last CFP:: IEEE 2nd ICETC2015- Thailand (May 20-22, 2015)",Thailand,"May 20, 2015","May 01, 2015","May 05, 2015"
510,id325.eml,"Call for Papers: 8th Annual International Conference on Computer Games, Multimedia and Allied Technology (CGAT 2015)",,,,
511,id349.eml,Deadline Extended (Feb-06-2013)  - ICEND 2013 - Malaysia,"Kuala Lumpur, Malaysia","February 20, 2013","February 06, 2013","February 06, 2013"
512,id464.eml,"Last CFP:: EECEA2015- Philippines( Feb. 12-14, 2015)",Philippines,,,
513,id031.eml,"CFP - ICEEE - Poland - Sept 24-26, IEEE-Tech. Co-sponsored","Lodz, Poland","September 24, 2012","August 10, 2012","August 25, 2012"
514,id296.eml,"Call For Papers/Posters: International Conference Artificial Intelligence (Scopus, SCI Compendex, Engineering Village indexings) - ICAI'13: July 22-25, 2013, Las Vegas, USA - Submission deadline: June 2, 2013","Las Vegas, USA","July 22, 2013","June 02, 2013","June 02, 2013"
515,id216.eml,"Call For Papers: Deadline: June 4 - Int'l Conf. on Frontiers in Education: Computer Science & Engineering (July 21-24, 2014, USA)","Las Vegas, USA","July 21, 2014","June 04, 2014","June 14, 2014"
516,id535.eml,Scopus Index - Engineering Journal (Status-active 2019),No Location Found!,,,
517,id244.eml,"Call For Papers: PDPTA 2013 Conference - 5th Automata, Theory and Applications Workshop, July 22-25, 2013, USA - Paper Submission Deadline: March 25, 2013","Las Vegas, USA","July 22, 2013","March 25, 2013","March 25, 2013"
518,id490.eml,National Conference NCFDSTE 2019 (Publication Partners SCOPUS / ESCI / UGC Care Indexed Journals),No Location Found!,,,
519,id129.eml,"CFP: International Conference at Bangkok, Thailand",No Location Found!,,,
520,id419.eml,"Invitation for Manuscript Submission in Volume 9, Issue 10, Oct 2019.",No Location Found!,,,
521,id156.eml,"CFP: Submission Deadline: May 31 - The 2015 World Congress in CS, CE, & Applied Computing (July 27-30, 2015, USA)",,"July 27, 2015","May 31, 2015","May 31, 2015"
522,id588.eml,"[GAMESNETWORK] Extension to CfP for the 13th International Conference on the Philosophy of Computer Games: The Aesthetics of Computer Games (St Petersburg, Oct 21-24)",London,,,
523,id518.eml,Re: [GAMESNETWORK] CFP: The Aesthetics of Computer Games,Russia,"Jun 7, 2019","Friday, June 7, 2019","October 21E2809324, 2019"
524,id451.eml,"Last CFP - Poland , Sept. 22-24, 2014","Lodz, Poland",,,
525,id077.eml,CFP: IEEE 2nd DICTAP2012- Thailand,No Location Found!,,,
526,id057.eml,"CFP, IEEE CPS publisher: Joint Conferences: AI, Data Science, Social Networks, Smart City (CSCI: Dec. 5-7, 2019, Las Vegas); Deadline: October 6","Las Vegas, USA","December 05, 2019","October 06, 2019","December 05, 2019"
527,id014.eml,"5th ICICT 2020 - Call for Submissions : (Proceedings by Springer) :: 20 - 21 February, 2020, London","London, UK",,,
528,id310.eml,Call for International  Conference  Online VOl. 6 Iss 9 2019 (IMPACT FACTOR : 3.765)(INDEXED:THOMSON REUTERS ENDNOTE),No Location Found!,,,
529,id203.eml,Call For Papers,"Bangkok, Thailand","May 07, 2013","March 20, 2013","April 30, 2013"
530,id410.eml,"IJARCS Volume 10 Issue 4, July-August 2019 Notification",,,,
531,id299.eml,"Call For Papers/Posters: International Conference on Grid & Cloud Computing and Applications (Scopus, SCI Compendex, Engineering Village indexings) - GCA'13: July 22-25, 2013, Las Vegas, USA - Submission deadline: June 2, 2013","Las Vegas, USA","July 22, 2013","June 02, 2013","June 02, 2013"
532,id384.eml,HCI International 2020 - Call for Participation,No Location Found!,,,
533,id491.eml,Paper Submission,No Location Found!,,,
534,id140.eml,"CFP: Submission Deadline: March 31 - Int'l Conf on Image Processing, Computer Vision, & Pattern Recognition (IPCV'15: July 27-30, 2015, Las Vegas, USA)","Las Vegas, USA","July 27, 2015","March 31, 2015","March 31, 2015"
535,id576.eml,[GAMESNETWORK] CFP: Workshop on Teaching Games:Pedagogical Approaches (TGPA:DiGRA2019),"Kyoto, Japan","July 19, 2019","May 31, 2019","June 28, 2019"
536,id317.eml,Call for Papers,"Konya, Turkey","May 9-11, 2013","March 20, 2013","April 20, 2013 or Before"
537,id121.eml,"CFP: Int'l Conf on Wireless Networks (ICWN'15: July 27-30, 2015, Las Vegas, USA); Submission Deadline: March 31","Las Vegas, USA","July 27-30, 2015","March 31, 2015                                ICWN'15         ","March 31, 2015:"
538,id602.eml,"[GAMESNETWORK] VJ 2019 Deadline Extended to August 20, 2019","Aveiro, Portugal","October 01, 2019","August 20, 2019","September 20, 2019"
539,id150.eml,"CFP: Submission Deadline: May 31 - Int'l Conf on Parallel & Distributed Proc. Tech. & Appl. (PDPTA'15: July 27-30, 2015, USA)","Las Vegas, USA","July 27, 2015","May 31, 2015","May 31, 2015"
540,id170.eml,Call For Paper: October 2019,No Location Found!,,,
541,id421.eml,"Invitation for Manuscript Submission in Volume 9, Issue 8, August2019.",No Location Found!,,,
542,id279.eml,"Call For Papers: The 2013 International Conference on Software Engineering Research and Practice (SERP'13: July 22-25, 2013, Las Vegas, USA) - Extended Paper submission deadline: April 6, 2013","Las Vegas, USA","July 22, 2013","April 06, 2013","April 06, 2013"
543,id134.eml,"CFP: SDIWC Conferences:: ICIA, ICEEE, DIPECC, ICIEIS and WCIT",,"November 12, 2013","September 23, 2013","October 23, 2013"
544,id484.eml,"Last chance to submit your paper - Computing Conference 2020 - London, UK",London,,,
545,id569.eml,[GAMESNETWORK] CFP + 3rd keynote: DiGRA 2020,"Tampere, Finland",,,
546,id084.eml,"CFP: IEEE CPS: Conf on Computational Science & Computational Intelligence: AI, Vision, Security, Data Science, IoT, HPC, ... (Dec. 5-7, 2019, USA); Extended Deadline: October 21","Las Vegas, USA","December 05, 2019","October 21, 2019","December 05, 2019"
547,id523.eml,Re: [GAMESNETWORK] CFP: The Aesthetics of Computer Games,,,,
548,id082.eml,"CFP: IEEE CPS: Conf on Computational Science & Comp. Intelligence (CSCI'19: Dec. 5-7, 2019, USA); Extended Deadline: October 21",,"December 05, 2019","October 21, 2019","December 05, 2019"
549,id375.eml,Fast publication/call for paper,No Location Found!,,,
550,id303.eml,"Call For Papers/Posters: The 2013 Int'l Conference on Internet Computing and BIG DATA (Scopus, SCI Compendex, Engineering Village indexings) - ICOMP'13: July 22-25, 2013, Las Vegas, USA - Submission deadline: June 2, 2013","Las Vegas, USA","July 22, 2013","June 02, 2013","June 02, 2013"
551,id581.eml,[GAMESNETWORK] Call for Papers - Audio Mostly 2019,"Nottingham, UK",,,
552,id112.eml,"CFP: Int'l Conf on Parallel & Distributed Proc. Techniques & Applications (PDPTA'15: July 27-30, 2015, Las Vegas, USA); Submission Deadline: March 31","Las Vegas, USA","July 27, 2015","March 31, 2015","March 31, 2015"
553,id313.eml,"Call for Paper, ICAT19, 26-30 August, Bosnia and Herzegovina, Sarajevo",,"August 26, 2019","June 30, 2019","July 05, 2019"
554,id176.eml,"Call For Papers - Chicago, USA (Reg-only200USD) - IConSES/IConEST Conferences",,,,
555,id318.eml,Call for Papers,No Location Found!,,,
556,id615.eml,[HEVGA] Chillennium 2019,No Location Found!,,,
557,id509.eml,"Re: [GAMESNETWORK] CFP: Ropecon Academic Seminar, July 26, Helsinki, Finland","Helsinki, Finland",,,
558,id254.eml,"Call For Papers: Submission Deadline: June 4 - Int'l Conf. on Image Proc., Computer Vision & Pattern Recog. (July 21-24, 2014, Las Vegas, USA)","Las Vegas, USA","July 21-24, 2014","June 4, 2014                                  IPCV'14            ","June 4, 2014"
559,id603.eml,[GAMESNETWORK] Workshop on Serious Mobile Locaction-based AR Games as part of the ICEC-JCSG 2019 conference,"Arequipa, Peru","August 01, 2019","July 01, 2019","July 20, 2019"
560,id448.eml,"Last CFP - Malaysia, Oct. 8-10, 2014",Malaysia,,,
561,id616.eml,[HEVGA] Fwd: Open Call: The ICIDS 2019 Art Exhibition,No Location Found!,"October 19, 2019","October 13, 2019","October 16, 2019"
562,id246.eml,"Call For Papers: Scopus, SCI Compendex, Engineering Village, ... The 2013 International Conference on Artificial Intelligence (ICAI'13: July 22-25, 2013, Las Vegas, USA) - Extended Paper submission deadline: April 20, 2013","Las Vegas, USA","July 22, 2013","April 20, 2013","April 20, 2013"
563,id473.eml,"Last CFP::TAEECE and DICTAP:: Apr. 29 - 1 May, 2015- Lebanon",Lebanon,"May 01, 2015","April 07, 2015","April 12, 2015"
564,id628.eml,[MI-CONFERENCE-L] 2019 Mentoring Conference Workshop Leaders,,,,
565,id433.eml,Kind Reminder:: CFP:: ICCTIM2014- Dubai- UAE,"Dubai, UAE","April 9-11, 2014      http//sdiwc.net/","March 10, 2014","March 20, 2014"
566,id461.eml,Last CFP:: DINWC2015- Russia- IEEE,"Moscow, Russia","February 03, 2015","January 06, 2015","January 21, 2015"
567,id330.eml,"Call for Papers: ICGCTI 2013 : Green Computing, Technology and Innovation - March 4-6, 2013 - Malaysia","Kuala Lumpur, Malaysia","March 04, 2013","February 03, 2013","February 20, 2013"
568,id028.eml,CFP - 3 rd ICDIPC2013 - Dubai - Jan 2013,"Dubai, UAE","December 15, 2013","January 01, 2013","February 01, 2013"
569,id460.eml,Last CFP: DICTAP2012- IEEE- Thailand,No Location Found!,,,
570,id000.eml,"( Deadline extended (March 20, 2014):: CFP:: ICCTIM2014:: Dubai- UAE","Dubai, UAE","April 9-11, 2014      http//sdiwc.net/","April 9-11, 2014      http//sdiwc.net/","March 25, 2014"
571,id459.eml,Last CFP:: 4th ICEL2013 - Czech Republic - July,"Ostrava, Czech Republic","June 28, 2013","May 30, 2013","June 03, 2013"
572,id376.eml,"Final Call For Papers-Denver,CO,USA(Reg-only200USD)-IConSES/IConEST 2019","Denver, USA","October 07, 2019","April 01, 2019","August 01, 2019"
573,id327.eml,"Call for Papers:: DEIS2013: Conference on e-learning, networks, computing, security and technologies","Kuala Lumpur, Malaysia",,,
574,id409.eml,"IJARCS Volume 10 Issue 4, July-August 2019 Notification",,,,
575,id188.eml,"Call For Papers - Deadline: April 19 - World Congress in CS, CE, and Applied Computing (July 21-24, 2014, Las Vegas, USA)",,"July 21, 2014","April 19, 2014","April 19, 2014"
576,id454.eml,"Last CFP : Malaysia, Oct. 2014",Malaysia,,,
577,id317.eml,Call for Papers,"Konya, Turkey","May 9-11, 2013","March 20, 2013","April 20, 2013 or Before"
578,id267.eml,"Call For Papers: The 2013 Int'l Conference on Software Engineering Research & Practice (SERP'13: July 22-25, Las Vegas, USA); Paper Submission Deadline: March 18, 2013","Las Vegas, USA","July 22, 2013","March 18, 2013","March 18, 2013"
579,id122.eml,"CFP: Int'l Conf on e-Learning, e-Business, EI Systems, and e-Government (EEE'15: July 27-30, 2015, Las Vegas, USA); Submission Deadline: March 31","Las Vegas, USA","July 27, 2015","March 31, 2015","March 31, 2015"
580,id585.eml,[GAMESNETWORK] CfP: Paratextualizing Games,Germany,,,
581,id260.eml,"Call For Papers: The 2013 Int'l Conf. Software Engineering Research and Practice (SERP'13: July 22-25, 2013, Las Vegas, USA) - Extended Paper submission deadline: April 20, 2013","Las Vegas, USA","July 22, 2013","April 20, 2013","April 20, 2013"
582,id395.eml,IEEE BigData 2019 Call for Workshop Papers and Posters,No Location Found!,,,
583,id013.eml,2020 March Osaka Conference｜Engineering & Information Technology,"Osaka, Japan",,,
584,id056.eml,CFP ~ Innovation-Entrepreneurship and Cybernetics-Informatics,"Orlando, USA",,,
585,id382.eml,Go for a stroll with ACENS 2020 in Thailand,"Bangkok, Thailand",,,
586,id036.eml,CFP DICTAP2012 : IEEE - Thailand,"Bangkok, Thailand",,,
587,id501.eml,Re: Conference on Artificial Intelligence (ICAI 2012) - reviews about your paper - re-sending,,"May 19, 2012","May 13, 2012","May 14, 2012"
588,id206.eml,"Call For Papers: 2013 International Conference on Information & Knowledge Engineering (IKE'13: July 22-25, Las Vegas, USA); Paper Submission Deadline: March 18, 2013","Las Vegas, USA","July 22, 2013","March 18, 2013","March 18, 2013"
589,id438.eml,"LAST Call for Papers- USA (July 15-17, 2015)",,"July 17, 2015","June 25, 2015","July 15, 2015"
590,id517.eml,Re: [GAMESNETWORK] CFP: The Aesthetics of Computer Games,,,,
591,id307.eml,"Call For Participation: The 2013 World Congress in CS, CE, and Applied Computing (July 22-25, 2013, Las Vegas)","Las Vegas, USA","July 17, 2103","July 17, 2013","July 22, 2013"
592,id436.eml,Kind reminder:: CFP:: CyberSec 2013:: Malaysia,"Kuala Lumpur, Malaysia","March 04, 2013","February 03, 2013","February 20, 2013"
593,id147.eml,"CFP: Submission Deadline: May 31 - Int'l Conf on Frontiers in Education: CS & CE (FECS'15: July 27-30, 2015, Las Vegas, USA)","Las Vegas, USA","July 27, 2015","May 31, 2015","May 31, 2015"
594,id198.eml,"Call For Papers - Deadline: March 15 - Int'l Conf. on Software Engineering Research & Practice (SERP'14: July 21-24, 2014, Las Vegas, USA)","Las Vegas, USA","July 21, 2014","March 15, 2014","March 15, 2014"
595,id184.eml,"Call For Papers - Deadline: April 19 (SAM'14: July 21-24, 2014, Las Vegas, USA) - Int'l Conf. on Security and Management","Las Vegas, USA","July 21, 2014","April 19, 2014","April 19, 2014"
596,id584.eml,[GAMESNETWORK] CfP Mixed Reality - FROG 2019 Vienna,No Location Found!,,,
597,id586.eml,"[GAMESNETWORK] Deadline for ""Play, Games, Mental Health"" -- The Young Academics Workshop at the Clash of Realities 2019 coming up",Germany,,,
598,id243.eml,"Call For Papers: International Conference on Parallel and Distributed Processing Techniques and Applications (PDPTA'15: July 27-30, 2015, Las Vegas, USA)","Las Vegas, USA","July 27, 2015","March 31, 2015","March 31, 2015"
599,id020.eml,ACM TSC Call for Papers,,,,
600,id398.eml,IEEE BigData 2019 Call for Workshop Papers and Posters,No Location Found!,,,
601,id043.eml,CFP : 4th DICTAP2014- THAILAND,"Bangkok, Thailand","May 06, 2014","April 06, 2014","April 15, 2014"
602,id089.eml,"CFP: IEEE CPS: Conference on Big Data & Data Science (CSCI-ISBD'19: Dec. 5-7, 2019, USA); Deadline: Nov 5","Las Vegas, USA","December 05, 2019","November 05, 2019","December 05, 2019"
603,id191.eml,"Call For Papers - Deadline: March 15 (FECS'14: July 21-24, 2014, Las Vegas, USA) - Int'l Conf. on Frontiers in Education","Las Vegas, USA","July 21, 2014","March 15, 2014","April 15, 2014"
604,id560.eml,World Congress on Education (WCE-2014): Extended Call for Submissions!,London,"November 10, 2014","August 31, 2014","September 10, 2014"
605,id009.eml,2020 Computer Conference Athens Greece,,,,
606,id302.eml,"Call For Papers/Posters: The 2013 Int'l Conference on Information and Knowledge Engineering (Scopus, SCI Compendex, Engineering Village indexings) - IKE'13: July 22-25, 2013, Las Vegas, USA - Submission deadline: June 2, 2013","Las Vegas, USA","July 22, 2013","June 02, 2013","June 02, 2013"
607,id105.eml,"CFP: Int'l Conf on Health Informatics & Medical Systems (HIMS'15: July 27-30, 2015, Las Vegas, USA); Submission Deadline: March 31","Las Vegas, USA","July 27, 2015","March 31, 2015","March 31, 2015"
608,id612.eml,[Gamesnetwork] CfP: Spectator Experience in Gaming and eSports - A	CHI 2020 Workshop,No Location Found!,,,
609,id610.eml,"[Gamesnetwork] Call for papers: ECREA main conference, Digital Games Research Section (deadline January 15, 2020)",No Location Found!,,,
610,id403.eml,IEEE Event 17 July - Alternative Computing with Memristors,No Location Found!,,,
611,id427.eml,Invitation to Contribute in IJRITCC,No Location Found!,,,
612,id502.eml,Re: IJCTT - Call For Paper - August 2019,No Location Found!,,,
613,id080.eml,"CFP: IEEE CPS: Conf on Artificial Intelligence (Dec. 5-7, 2019, USA); Deadline: October 6","Las Vegas, USA","December 05, 2019","October 06, 2019","December 05, 2019"
614,id236.eml,"Call For Papers: Int'l Conf on Health Informatics and Medical Systems (HIMS'15: July 27-30, 2015, Las Vegas, USA); Submission Deadline: March 31","Las Vegas, USA","July 27, 2015","March 31, 2015","March 31, 2015"
615,id354.eml,Deadline Extended:: DigitalSec2014:: Czech Republic- Ostrava,No Location Found!,,,
616,id542.eml,Submit your papers for evaluation and publication in the July 2019 issue!!,No Location Found!,,,
617,id499.eml,"Re: Conference Invitation - Zurich, Switzerland","Zurich, Switzerland",,,
618,id553.eml,URGENT UPDATE - GreenForce Conference 2-2-2020,No Location Found!,,,
619,id493.eml,Publish Your Article in Peer Reviewed International Journal (Volume 05 - Issue 09),No Location Found!,,,
620,id277.eml,"Call For Papers: The 2013 International Conference on Frontiers in Education: Computer Science and Computer Engineering (FECS'13: July 22-25, 2013, Las Vegas, USA) - Extended Paper submission deadline: April 6, 2013","Las Vegas, USA","July 22, 2013","April 06, 2013","April 06, 2013"
621,id247.eml,"Call For Papers: Scopus, SCI Compendex, Engineering Village, ... The 2013 International Conference on Bioinformatics and Computational Biology (BIOCOMP'13: July 22-25, 2013, Las Vegas, USA) - Extended Paper submission deadline: April 20, 2013","Las Vegas, USA","July 22, 2013","April 20, 2013","April 20, 2013"
622,id252.eml,"Call For Papers: Scopus, SCI Compendex, Engineering Village, ... The 2013 World Congress in Computer Science, Computer Engineering, & Applied Computing (July 22-25, 2013, Las Vegas, USA) - Extended Paper submission deadline: April 20, 2013","Las Vegas, USA","July 22, 2013","April 20, 2013","April 20, 2013"
623,id172.eml,Call For Papers,"Bangkok, Thailand","May 09, 2013","March 04, 2013","May 07, 2013"
624,id284.eml,"Call For Papers: The 2013 World Congress in Computer Science, Computer Engineering, and Applied Computing (WORLDCOMP'13: July 22-25, 2013, Las Vegas, USA) - Extended Paper submission deadline: April 6, 2013","Las Vegas, USA","July 22, 2013","April 06, 2013","April 06, 2013"
625,id575.eml,[GAMESNETWORK] CFP: The Aesthetics of Computer Games,Russia,,,
626,id632.eml,[game_edu] VS Games 2015: First Call for papers,Sweden,,,
627,id626.eml,[Invitation__ for_- Research__Paper__open__access__journal!!!],No Location Found!,,,
628,id228.eml,"Call For Papers: Deadline: June 5 - World Congress in CS, CE, & Applied Computing (July 21-24, 2014, USA)",,"July 21, 2014","June 05, 2014","June 05, 2014"
629,id529.eml,Re: [GAMESNETWORK] Call for Papers: Animals and the City workshop at ACI2019,"Haifa, Israel",,,
630,id574.eml,"[GAMESNETWORK] CFP: Ropecon Academic Seminar, July 26, Helsinki, Finland","Helsinki, Finland",,,
631,id291.eml,"Call For Papers: submission deadline: March 31, Int'l Conf. on Data Mining (DMIN'15: July 27-30, 2015, USA)","Las Vegas, USA","July 27-30, 2015","March 31, 2015 00000000000000000000000000000000000000000000000000000000000000000000000","March 31, 2015:"
632,id332.eml,Call for Participation: Ireland International Conference on Education (IICE-2014)!,"Dublin, Ireland",,,
633,id096.eml,"CFP: Int'l Conf on Bioinformatics and Computational Biology (BIOCOMP'15: July 27-30, 2015, Las Vegas, USA) - Submission Deadline: May 31","Las Vegas, USA","July 27, 2015","May 31, 2015","May 31, 2015"
634,id262.eml,"Call For Papers: The 2013 Int'l Conference on Genetic and Evolutionary Methods (GEM'13: July 22-25, 2013, Las Vegas, USA) - Paper submission deadline: March 18, 2013","Las Vegas, USA","July 22, 2013","March 18, 2013","March 18, 2013"
635,id280.eml,"Call For Papers: The 2013 International Conference on Wireless Networks (ICWN'13: July 22-25, 2013, USA) - Paper Submission Deadline: March 18, 2013","Moscow, Russia","July 22, 2013","March 18, 2013","March 18, 2013"
636,id008.eml,2020 Computer Conference Athens Greece (Reminder),,,,
637,id338.eml,Call for papers,,"November 11, 2012","July 10, 2012","September 24, 2012"
638,id266.eml,"Call For Papers: The 2013 Int'l Conference on Software Engineering Research & Practice (SERP'13: July 22-25, 2013, USA) - Paper Submission Deadline: March 18, 2013","Las Vegas, USA","July 22, 2013","March 18, 2013","March 18, 2013"
639,id027.eml,CFP - 3 rd ICDIPC2013 - Dubai - Jan 2013,"Dubai, UAE","December 15, 2013","January 01, 2013","February 01, 2013"
640,id430.eml,Inviting your contribution to the first issue of Patterns,No Location Found!,,,
641,id524.eml,Re: [GAMESNETWORK] CFP: The Aesthetics of Computer Games,Russia,"Jun 7, 2019","Friday, June 7, 2019","October 21E2809324, 2019"
